,USER,LOCATION,CREATED,TWEET,FAVCOUNT,COORDS,FOLLOWERS
3,@Amonnymous,MONTERIA,2020-04-11 01:31:20,"Colombia, pa√≠s en el que ni una pandemia impide que los pol√≠ticos roben.",0,,1643
52,@a_azurdia,COLOMBIA,2020-04-11 01:31:20,Nos vamos a volver a abrazar...FE !!!,0,,1617
72,@jaaa2000,MEDELLIN,2020-04-11 01:31:21,"Ni los perros ni los gatos üê∂üê± te pueden contagiar del virus, pero s√≠ debes tener precauciones:  1. Si tienes gripe o s√≠ntomas, evita tocar o besar a tu mascota, le puedes dejar el virus en su pelaje.  2. Limpia sus patas cuando vuelva de su paseo.  Ellos no son una amenaza. https://t.co/AEj45m2J1Z",0,,79
90,@ReyOspina3,ATLANTICO,2020-04-11 01:31:21,"üëèüëèüî• Todas las felicitaciones al equipo humano que logr√≥ este gran avance para contener la pandemia en Colombia. Todos los aplausos para la academia y para la empresa privada, por su aporte en la fabricaci√≥n de estos ventiladores. Se salvar√°n miles de vidas.",0,,354
100,@La_Mara_VilIa,BARRANQUILLA,2020-04-11 01:31:21,Siento que estoy desperdiciando mi Lenceria en esta cuarentena. Mejor no me pongo.,0,,25994
139,@elGrafomano,BOGOTA,2020-04-11 01:31:22,Desde la cuarentena no he vuelto a publicar 'selfies' porque mi estado de desarreglo es impresentable.,0,,38198
166,@hamendezc,BARRANQUILLA,2020-04-11 01:31:22,@Suvorov141487 @marcelosanchezx @ActualidadRT Comparara el contexto hist√≥rico de la peste negra con el actual no es acertado. Est√° pandemia ha dejado manifiesto que se requiere m√°s ciencia y educaci√≥n  que religi√≥n.,0,,104
254,@John_Fonseca,COLOMBIA,2020-04-11 01:31:24,Semana Santa Normal / Semana Santa en Cuarentena. https://t.co/jqrVVJzlgn,0,,184
363,@Davidzoot2,SINCELEJO,2020-04-11 01:31:26,"Colombia, pa√≠s en el que ni una pandemia impide que los pol√≠ticos roben.",0,,2304
475,@srtaa___morita,COLOMBIA,2020-04-11 01:31:29,Ella hace que mis d√≠as en cuarentena sean bonitos.,0,,17144
495,@SharonM27752528,BOGOTA,2020-04-11 01:31:29,Los manes que han sido ‚Äúmis mejores amigos‚Äù son una completa porquer√≠a.,0,,103
498,@elmeralberto,COLOMBIA,2020-04-11 01:31:29,"@Valentinaamm √Ånimo, lo importante es que est√© bien y con deseos de seguir dando la pelea contra ese virus!!! Le deseo una pronta recuperaci√≥n üôèüèª",0,,506
514,@AdolphoX,MEDELLIN,2020-04-11 01:31:30,Este Untucked va a estar bueno bueno.,0,,1123
664,@Sin_patrocinios,BOGOTA,2020-04-11 01:31:33,"El Padrino, Back To the Future y el Planeta de los Simios (la de los 70' y la actual).  Basta. El resto son Universos Cinematogr√°ficos.",0,,1057
731,@auguII_a,COLOMBIA,2020-04-11 01:31:34,SI NO PAGAN FUERA ES LO JUSTO,0,,2533
833,@mrjhoned,VALLE,2020-04-11 01:31:36,"Antes del anuncio de @petrogustavo sobre su salud, le√≠ trinos de algunos de sus opositores que le reprochaban por haber viajado supuestamente a Paris. Ha quedado demostrado, una vez m√°s, que los odios que se exhiben en estas redes son brutales. Ni la pandemia los ha disminuido",0,,53
838,@SandinoVictoria,COLOMBIA,2020-04-11 01:31:36,#PutumayoNoEstaSolo,0,,33340
850,@vivanromero,BOGOTA,2020-04-11 01:31:36,"Artistas, en esta cuarentena, hagan arte.  ¬øRecuerdan este grafitti? Maravilloso, directo del 2011-13. https://t.co/6jLJWOSdj4",0,,178
866,@mafon19,COLOMBIA,2020-04-11 01:31:37,√öLTIMA HORA  Trump firma un decreto que permite sancionar a pa√≠ses que se nieguen o retrasen en la repatriaci√≥n de sus ciudadanos desde EE.UU. durante la pandemia https://t.co/jLg9u0HZjA https://t.co/Prf6FBSMo3,0,,58
1114,@MundoredTV,COLOMBIA,2020-04-11 01:31:41,"Este Domingo @CanalRCN presentar√° el documental de @DiscoveryLA ""#COVID„Éº19 Pandemia 2020"" a las 10:00pm ¬°Recomendado! https://t.co/UoQZFMOu3E",0,,25629
1128,@ADELACASTROM,BOGOTA,2020-04-11 01:31:42,"@drooppydoo @MinSaludCol La cuarentena? Cual cuarentena, si los amigos de la alcaldesa, est√°n en las calles.",0,,618
1129,@LaCOsoG,BOGOTA,2020-04-11 01:31:42,"@OcesaColombia Sin pensarlo, @SJofficial  Cumpl√≠ en cuarentena, los merezco de cumplea√±os",0,,207
1187,@tigrejerez,BUCARAMANGA,2020-04-11 01:31:43,"#Bit√°cora | #Viral... üêæ Sol√≠a pensar que mi vida era una tragedia, pero ahora me doy cuenta que es una comedia.  JOAQUIN PHOENIX - Arthur Fleck - Joker ..... #cuarentena | D√≠a 9 | Todo fluyeüò∫ https://t.co/M9aQIhhkHm",0,,2573
1248,@Angiegars,BOGOTA,2020-04-11 01:31:44,Ella es #Morita ‚ù§Ô∏è‚ù§Ô∏è‚ù§Ô∏è‚ù§Ô∏è‚ù§Ô∏è#Micaelitos https://t.co/0bSj8ZsCFH,0,,3909
1330,@Erikpintor,CERETE,2020-04-11 01:31:46,"""Un kilo de avena vale 14 mil pesos, seg√∫n el contrato 041 de 2020 firmado entre la Alcald√≠a de Manaure y Gonzalo Vangrieken M√°rquez para entregar mercados a familias Wayuu por el COVID19"". Informa @ArmandoWayuu https://t.co/O98mqwduDm",0,,196
1395,@mafercao,MANIZALES,2020-04-11 01:31:47,Filosof√≠a...drama...cuarentena.  #cuarentenamood #coronavirus https://t.co/2hRaANmklS,0,,58
1476,@jaclom69,BOGOTA,2020-04-11 01:31:49,"Mientras la criminalidad se redujo, la violencia intrafamiliar, espec√≠ficamente contra la mujer, ha aumentado durante la cuarentena https://t.co/lyM3FTUP2J",0,,173
1496,@jjgongora3,COLOMBIA,2020-04-11 01:31:49,"Soy covid 19 positivo, me tom√© el examen nuevamente porque ayer cumpl√≠a mi cuarentena de 14 d√≠as desde que me tom√© mi primer examen y sigo estando positiva. 19 d√≠as despu√©s de que empec√© con los sintomas. Este virus dura m√°s de lo que se cree, cuidense mucho porfavor! üôèüèΩ",0,,2730
1563,@Comin0,BOGOTA,2020-04-11 01:31:50,@carlojarturo Pero al menos a Crackera pon√≠an en el top cuando lo merec√≠a no como a Jan.,0,,12104
1708,@omarherb,COLOMBIA,2020-04-11 01:31:53,üòúüòú https://t.co/TLRwtAUPy7,0,,983
1709,@luismree,BOGOTA,2020-04-11 01:31:53,üò°üòê,0,,946
1728,@Mpestana1893,BARRANQUILLA,2020-04-11 01:31:54,"#COVID__19 | Desde que inici√≥ la pandemia del Covid-19 üò∑, las grandes ciudades üèôÔ∏è c√≥mo Roma, Nueva York, Par√≠s, se han paralizado.  Ambientalistas aseguran que la pandemia ha dado un respiro al planeta üåè, pero es muy pronto para sacar conclusiones. https://t.co/rfWDxkIdGd",0,,574
1850,@MaoCelisCa,COLOMBIA,2020-04-11 01:31:56,"Vi un video donde gran parte de la poblaci√≥n China despide a todos los m√©dicos que apoyaron el tema de la pandemia y Dios m√≠o, llor√© üò≠, es impactante como una ciudad se levanta nuevamente",0,,10944
1899,@jaderoriginal,MEDELLIN,2020-04-11 01:31:57,@AlexParraM9 Disque perdi√≥ el bb y x eso no estuvo concentrado.. recuerdo que en el de ida.. siendo la figura del FPC en esos momentos no jug√≥ el primer tiempo... Bobo hp,0,,133
2013,@CafeUniverso7,BOGOTA,2020-04-11 01:31:59,¬°El √∫ltimo Cafe Universo! https://t.co/WNTNJMr58u #covid19 #cosmos,0,,2
2016,@APadillaBossio,CIENAGA,2020-04-11 01:31:59,"Soy covid 19 positivo, me tom√© el examen nuevamente porque ayer cumpl√≠a mi cuarentena de 14 d√≠as desde que me tom√© mi primer examen y sigo estando positiva. 19 d√≠as despu√©s de que empec√© con los sintomas. Este virus dura m√°s de lo que se cree, cuidense mucho porfavor! üôèüèΩ",0,,5968
2076,@C_Roncallo12,BARRANQUILLA,2020-04-11 01:31:58,"Este muchacho que se la pasa en la v√≠a 40 con murillo. Se que estamos muy ocupados con lo de la pandemia, pero ojala se pueda hacer algo por esta persona. @alcaldiabquilla @jaimepumarejo https://t.co/vgQyOFUTwG",0,,86
2084,@Se_basMorales,ARMENIA,2020-04-11 01:32:01,Jejejej nos vamos a morir jajaja que no quede nadie hp jajajs,0,,522
2132,@juantdec,COLOMBIA,2020-04-11 01:32:02,"‚ÄúDios es aliado nuestro, no del virus‚Äù: la homil√≠a de Viernes Santo en el Vaticano https://t.co/9rXVhcmdPm",0,,21
2159,@Oskar_Diego,COLOMBIA,2020-04-11 01:32:02,@merymoisa @Ivon_RiveraA @Colecfeminista @liaburgos1310 @Anxelique @apeselsalvador @idhuca @PDDHElSalvador Den apoyo a la gente   que tiene el virus no aestas lacras,0,,227
2201,@daaani01_,COLOMBIA,2020-04-11 01:32:03,Love this idea: Medics tape photos of themselves smiling on their PPE so patients can see a reassuring &amp; friendly face. Human connection + compassion creatively maintained #covid19 https://t.co/tKhUDJrqKN https://t.co/GKKzrM05SC,0,,76
2217,@JairoRuiz1968,BOGOTA,2020-04-11 01:32:04,"@PalomaValenciaL Pido disculpas. No le√≠ bien y es del 2019, lo que pasa es que con ustedes puede pasar cualquier cosa",0,,99
2288,@buena_nea,SOACHA,2020-04-11 01:32:05,@7ski5nny0 üëÉüèª,0,,209
2308,@DianaM_Escobar,COLOMBIA,2020-04-11 01:32:06,El d√≠a que se acabe la cuarentena: https://t.co/rAS9h1LK2S,0,,1561
2310,@martik1214,VALLE,2020-04-11 01:32:06,"Inconcebible que en plena pandemia en la que est√° el mundo, los simpatizantes de @petrogustavo sin respetar su lecho de enfermo, maldigan la buena salud de @AlvaroUribeVel. Ni siquiera el momento por el que est√° pasando su l√≠der les ablanda sus corazones. #PaisDeMamarrachos",0,,3668
2359,@gustavogamboa7,COLOMBIA,2020-04-11 01:32:06,"Se√±ores @PoliciaStander @PoliciaBmanga estos se√±ores est√°n violando el aislamiento obligatorio, promueven la propagaci√≥n de virus sin mantener la distancia preventiva. Lo peor un diputado de #santander y 2 concejales de #Bucaramanga @FerleyProfe @danovislozano @CarlosParraBUC https://t.co/Kcx1ZsGd4D",0,,115
2423,@jodalzateca,MEDELLIN,2020-04-11 01:32:07,O saco brazo esta cuarentena o muero en el intento ü§òüèºü§™ #CabrasEnCasa https://t.co/WUYjaYNxo0,0,,49
2491,@edwinhelitt,COLOMBIA,2020-04-11 01:32:09,"Este gobierno MISERABLE se est√° preparando para UN ALZAMIENTO popular una vez termine la pandemia  El PUEBLO cobrar√° cada SAQUEO y ROBO del que ha sido V√çCTIMA por parte d Alparaco @AlvaroUribeVel el @CeDemocratico e @IvanDuque,as√≠ como por la RESPONSABILIDAD por la #NenePolitica",0,,621
2549,@tatoval8,MOSQUERA,2020-04-11 01:32:10,@soynormal Yo tengo la esperanza de poder ir para ver a mis hijos.  Que 4 a√±os son demasiado tiempo. https://t.co/3uaH76eiZe,0,,132
2593,@GIRALDOCAMILO23,ITAGUI,2020-04-11 01:32:11,"PASO, NOCHES ENTERAS PENSANDO EN TU AMOR üé∂",0,,185
2605,@Comin0,BOGOTA,2020-04-11 01:32:11,@Marinbarala Jan ser√° max pero talentosa.,0,,12104
2891,@Aleeja_25,BOGOTA,2020-04-11 01:32:17,10 formas de ayudar a las personas mayores y/o enfermedades subyacentes que viven con usted  üå°Ô∏è Controle su salud diariamente üò∑ Practique las medidas de protecci√≥n üì≤ Si presentan signos de COVID-19 llame al servicio de salud ü•ó Mantenga un estilo de vida saludable   #COVID19 https://t.co/g6cb9hO0Pz,0,,523
2960,@walterojas1,BOGOTA,2020-04-11 01:32:18,"@RaJHeP Pues as√≠ estamos en el Caquet√° y esperemos en Dios que las pruebas por resultados, sean negativas tambi√©n. Estamos en cuarentena total, con pico y c√©dula, el gobernador y los alcaldes est√°n ayudando a las personas necesitadas. No somos tan atrasados como muchos citadinos creen. https://t.co/I3QtBBx8HI",0,,168
3104,@bduranf,COLOMBIA,2020-04-11 01:32:21,"La Federaci√≥n M√©dica #Colombianaüá®üá¥ denunci√≥ que en medio de la pandemia los profesionales de la salud han sido amenazados con despidos üëâhttps://t.co/WwR3zkuAUr  ‚ÄúNo permiten sospecha y b√∫squeda activa de casos, solo los que ellos consideren y autoricen‚Äù afirmaron https://t.co/QC6J1BcTcq",0,,20
3172,@MilciadesVarg12,BOGOTA,2020-04-11 01:32:23,@Educacionbogota @Mineducacion  que ha pasado con el refrigerio escolar?,0,,1
3188,@MariaDGC2,COLOMBIA,2020-04-11 01:32:23,Dicen que van m√°s de 2 millones de muertos en China,0,,30
3204,@Capetok_,BOGOTA,2020-04-11 01:32:23,Haz como ellos y quedate en casa https://t.co/YS8R6Q7LOE,0,,98
3316,@nikolai68843464,BOGOTA,2020-04-11 01:32:26,¬°A rezar! Con padres nuestros y ave mar√≠as m√°s de uno pag√≥ comparendo por violar la cuarentena https://t.co/WW951y3bBx,0,,0
3381,@JuanseCardozo,BOGOTA,2020-04-11 01:32:27,"Imaginen esta cuarentena sin m√∫sica, a punta de audio libros de Jorge Duque Linares.",0,,90
3507,@ElNegro49969484,COLOMBIA,2020-04-11 01:32:29,Hoy #viernesdelabios un regalito especial para todos mis bellos seguidores de todas mis redes Si deseas PACK VIP escribeme o ingresa a mis paginas PRIVADAS para que te diviertas como nunca Whatsapp (+57) 3156805715 Twitter: analuciahot1x - Instagram: analuciahotx1 #QuedateEnCasa https://t.co/BPB4aL6tqi,0,,16
3591,@niltonramos151,CARTAGENA,2020-04-11 01:32:31,"@Orlando7Morales Si yo supiera te dijera, pero no s√© Ernesto, no s√©.",0,,93
4014,@victori18828980,MEDELLIN,2020-04-11 01:32:40,Leyenda del Liverpool fue internado al hospital por coronavirus https://t.co/pDxg4OpgXF v√≠a @elespectador,0,,2497
4119,@QuevedoEste99,BOGOTA,2020-04-11 01:32:41,Con y sin ropa bbsito,0,,834
4193,@jakshang,CIUDA,2020-04-11 01:32:43,#HiloTime: Atenci√≥n a esto. ¬øChina miente sobre el COVID-19 y la fecha de inicio del virus? Distintos medios estadounidenses est√°n haciendo una grave denuncia que no deja bien parado al gigante asi√°tico e incluso a la Organizaci√≥n Mundial de la Salud. Abro hilo para contarles: https://t.co/hbxkHDEqz0,0,,694
4213,@Angiie2Castillo,BOGOTA,2020-04-11 01:32:44,eu cuando termine la cuarentena nos vemos as√≠ me llenas de abrazos?  enviar,0,,201
4288,@jelijambooz,BARRANQUILLA,2020-04-11 01:32:45,"Fallece otra leyenda de la salsa, el Maestro Andy Gonz√°lez... fundador del Conjunto Libre junto a Manny Oquendo  La m√∫sica latina est√° de duelo con la partida de este gran bajista.  Paz a su alma. #AndyGonzalez https://t.co/bIxt4LhKyS",0,,964
4320,@EventosBelu,CALI,2020-04-11 01:32:45,As√≠ fue el proceso del rompecabezas the game of thrones üí™üèºüëèüèªüëèüèªüëèüèªüôãüèª‚Äç‚ôÄÔ∏èüôãüèª‚Äç‚ôÇÔ∏è https://t.co/dOzJ97Cg1Z,0,,37020
4334,@camilojwc,MEDELLIN,2020-04-11 01:32:46,***üî¥ORACI√ìN EN VIVO*** 3 d√≠as de Oraci√≥n | Viernes https://t.co/YvYWNff9RY v√≠a @YouTube@jwcmedellin  #jwcmedellin #Oraci√≥nEnVivo #ipray #GlobalPrayer #Oraci√≥nGlobal #Levant√©monosEnOraci√≥n #UnidosEnOraci√≥n #ClamorGlobal #Coronavirus #Covid19 #Qu√©dateEnCasa  #YoMeQuedoEnCasa,0,,2091
4350,@non_straight,RIONEGRO,2020-04-11 01:32:46,@The_Timor @Sneider_i Vodka de lulo? No te gusta?,0,,3996
4481,@RAMOSFYAYIS,VILLAVICENCIO,2020-04-11 01:32:49,Celestial üå†,0,,782
4553,@danielmorron_,BARRANQUILLA,2020-04-11 01:32:50,"@salconella Y yo con unas ganas de una coste√±ita bien caliente pero aja, la cuarentena no ayuda",0,,25
4591,@JaimeBacares,BOGOTA,2020-04-11 01:32:51,"Cerca a Wall Street se construye una fosa com√∫n. El desastre m√°s grande del mundo frente al Covid19, sucede hoy en Nueva York.   Es el desastre del capitalismo depredador, el desastre de la destrucci√≥n de salud p√∫blica, del derecho de la gente por la codicia y los mercados.",0,,2722
4679,@MichaelRicoRpo,ANDES,2020-04-11 01:32:53,"Ante la crisis actual, las tesis de @petrogustavo son m√°s importantes que nunca. Confiemos en el √©xito de su intervenci√≥n m√©dica. #FuerzaPetro",0,,14
4797,@HugoAle60102611,COLOMBIA,2020-04-11 01:32:55,Le quitaron los 4 pescados a don Asael un campesino que hech√≥ una semana pescandolos para mitigar el Hambre en esta cuarentena  @PoliciaColombia  le roba su propia alimento a un se√±or de la tercera edad que estamos haciendo @DirectorPolicia ? https://t.co/nPefadP2cD,0,,21
4834,@ElNegro49969484,COLOMBIA,2020-04-11 01:32:56,@nalgona103 Rica mamacita,0,,16
4898,@nathaliesequeda,CARTAGENA,2020-04-11 01:32:58,No me gusta el men√∫ de semana santa ü§Æ,0,,633
4936,@juliocaicedoc,COLOMBIA,2020-04-11 01:32:58,"En lugar de hacer un llamado a la reflexi√≥n personal y a la solidaridad en medio de la pandemia, el obispo Ricardo Tob√≥n, godo de los de antes, se dedica a rajar de cualquier corriente pol√≠tica o forma de pensar distinta a la de la Iglesia.  Lo peor, por la TV p√∫blica.",0,,843
5014,@_VisaG_JDaBeat_,BOGOTA,2020-04-11 01:32:59,"Se√±or Robin Hood al rev√©s. En tanto no exista una vacuna, el aislamiento TOTAL SIGUE. Colombia NO tiene garant√≠as para salvaguardar la vida ante la pandemia. Su inter√©s no es el ¬´desarrollo social¬ª es minimizar las p√©rdidas de los grandes capitalistas. ¬°Mentiroso!",0,,0
5037,@lautamayo_,MONTERIA,2020-04-11 01:33:00,Quiero un caballo üôÇ,0,,212
5046,@ajuncafe,BOGOTA,2020-04-11 01:33:00,"Y en otras noticias, el pastor ungido @PMiguelArrazola  informa, que apenas pase del todo la pandemia, volver√° a sanar enfermos y a hacer milagros.   ¬°Atentos todos!",0,,119
5064,@zoloyrry,BOGOTA,2020-04-11 01:33:01,"Bogot√° la mitad contagiados del virus de pais, con proyecciones preocupantes Claudia L√≥pez NO ha gestionado ni mercados para necesitados ni pruebas covid19, ni respiradores, ni recursos para nada para el sector salud NADA solo aparece para  hacer populismo y criticar a los dem√°s",0,,891
5086,@kimvalenciaa,CALI,2020-04-11 01:33:01,I hate this virus man. I hate every single cell of it.,0,,1182
5119,@mariafsalazarm,COLOMBIA,2020-04-11 01:33:01,Yo no s√© cu√°ndo se va a acabar la cuarentena as√≠ que procedo a comer hayacaüòÇ,0,,26
5243,@AlvaroGasca2,BOGOTA,2020-04-11 01:33:04,"Entiendo las sanciones pedag√≥gicas, pero esto va contra nuestra constituci√≥n y atenta contra la libertad de la gente, poner a rezar a un no creyente es una violaci√≥n flagrante de derechos",0,,85
5254,@jorgesoft,MEDELLIN,2020-04-11 01:33:04,En plena pandemia @ClaudiaLopez gasta 6000 millones de pesos en publicidad. Adem√°s 1200 millones en una encuesta y un reportaje de 8 p√°ginas en El Tiempo. Todo para que uds crean que lo est√° ‚Äúhaciendo bien‚Äù sabiendo que Bogot√° es la ciudad con m√°s contagiados. DESCARO! https://t.co/yVFYV5Rb7c,0,,1054
5290,@jotagarcias,BOGOTA,2020-04-11 01:33:05,"El 9 de enero mor√≠a un chino de 61 a√±os en Wuhan. Era la primera v√≠ctima mortal oficialmente conocida de un nuevo virus, SARS-CoV-2. M√°s de tres meses despu√©s, 100.000 personas han sucumbido a la pandemia, llamada covid-19. https://t.co/4gVzqBqj4x",0,,172
5374,@mc_mm333,COLOMBIA,2020-04-11 01:33:07,En Chile aprobaron ley que ordena devoluci√≥n de impuestos del 100% a los trabajadores independientes para apoyarlos durante la pandemia. ¬°Aqu√≠ nos aprobaron pr√©stamos!,0,,223
5391,@Dayannap_03,BUCARAMANGA,2020-04-11 01:33:07,"Estoy empezando a extra√±ar a un exxx, la cuarentena ya me volvio est√∫pidaü§Ø",0,,197
5415,@AlirioQ75695659,FUSAGASUGA,2020-04-11 01:33:07,"Colombia, pa√≠s en el que ni una pandemia impide que los pol√≠ticos roben.",0,,18
5452,@Fernanda_15569,COLOMBIA,2020-04-11 01:33:08,no teneis unas ganas bestiales de partir la discoteca con safaera cuando se acabe la puta cuarentena?????? yo si,0,,118
5654,@CAROTORO04,COLOMBIA,2020-04-11 01:33:12,"El aumento de la violencia dom√©stica y de las violencias contra la mujer en tiempo de cuarentena nos deja claro el mal que hace el machismo. Que nadie crea que no necesita re-aprender a percibir y relacionarse con las mujeres, para dejar a un lado toda manifestaci√≥n machista.",0,,1324
5668,@ChichiQuinteroR,VALLEDUPAR,2020-04-11 01:33:13,"Nuestra solidaridad con el Senador @petrogustavo, elevamos oraciones a Dios por su recuperaci√≥n. Espero que con el apoyo de su familia pueda superar este dif√≠cil momento para que siga haciendo  importantes aportes al pa√≠s. ¬°A la democracia le hace bien que exista una oposici√≥n!",0,,12417
5775,@JCDMwinner1133,BOGOTA,2020-04-11 01:33:15,"Soy covid 19 positivo, me tom√© el examen nuevamente porque ayer cumpl√≠a mi cuarentena de 14 d√≠as desde que me tom√© mi primer examen y sigo estando positiva. 19 d√≠as despu√©s de que empec√© con los sintomas. Este virus dura m√°s de lo que se cree, cuidense mucho porfavor! üôèüèΩ",0,,914
5789,@JuanMan57493258,BOGOTA,2020-04-11 01:33:15,"Realmente, me estoy reafirmando en que lo de Petro es FAKE NEWS !!",0,,802
5883,@PaoLaPalma,BOGOTA,2020-04-11 01:33:17,"Que tal esta cuarentena en los ochenta, sin internet, con dos canales de TV y sin control remoto...",0,,757
5949,@Angiegars,BOGOTA,2020-04-11 01:33:18,#Poncho vino un ratito a calentarle la espaldita a Gus. https://t.co/XesNsjQjAa,0,,3909
6043,@Margaritamsv,MEDELLIN,2020-04-11 01:33:20,El mundo vive una Semana Santa distinta en medio de la pandemia del coronavirus. Este sacerdote cat√≥lico explica por qu√© debe ser un momento para repensar los valores humanos y regresar a lo esencial. https://t.co/ohHZ2TYCfP,0,,97
6171,@unatalmeloparra,BOGOTA,2020-04-11 01:33:22,"En mi ""√∫ltima cena"" pre cuarentena, le di muchos besitos. Espero que cuando llegue la resurrecci√≥n se tripliquen.",0,,556
6182,@s_dumit,ANTIOQUIA,2020-04-11 01:33:23,@nata_od Valiente!! Mam√°- pandemia- responsabilidades con t√≠a enferma... merec√©sü•á,0,,3743
6247,@bduranf,COLOMBIA,2020-04-11 01:33:24,"Panas, est√°n circulando muchas denuncias sobre acoso y abuso sexual por parte de la polic√≠a en barrios populares, todo camuflado bajo el tema de control de la cuarentena.  ¬øQu√© hacemos?",0,,20
6294,@Asly10Huertas,BOGOTA,2020-04-11 01:33:25,Es supremamente importante!,0,,288
6321,@roespa1969,TUNJA,2020-04-11 01:33:26,"Los alcaldes de Boyac√° de los municipios de quinta y sexta categor√≠a, que son casi su totalidad, no han dudado en plasmar en una extensa carta al Presidente y a la Vicepresidenta de la Rep√∫blica, su voz de protesta. . . . #Boyac√° #Alcaldes #COVID19 #Duque",0,,589
6463,@ElsaNidiaRodrig,CALOTO,2020-04-11 01:33:29,Diagnosticado con c√°ncer hace m√°s de un mes @petrogustavo ha tenido la templanza de seguir em detalle la realidad de la pandemia que nos azota aportando ideas para que las consecuencias del virus no vayan a ser devastadoras...  Grandeza propia del talante de un gran lider...,0,,1333
6479,@fercortes2010,COLOMBIA,2020-04-11 01:33:29,"Los servidores p√∫blicos y los particulares corruptos que aprovechan situaciones de emergencia -como √©sta del covid19- para enriquecerse il√≠citamente, merecen el m√°s fuerte rechazo social. La ciudadan√≠a debe ser inclemente en la denuncia y las autoridades implacables en la sanci√≥n",0,,203
6517,@Edwinvilapino10,AGUACHICA,2020-04-11 01:33:30,1 fav y subo el video de Camilo con √ëeco bailando:/,0,,532
6520,@Leocarrillog,COLOMBIA,2020-04-11 01:33:30,Comparando n√∫meros  Las 2 bombas at√≥micas arrojadas en Hiroshima y Nagasaki mataron 300.000 personas El Covid19 est√° llegando a 100.000 muertes,0,,211
6537,@RobyQuinto,COLOMBIA,2020-04-11 01:33:30,@ssangregorio5 De una!,0,,958
6612,@garoide314,MEDELLIN,2020-04-11 01:33:32,"Petro, no le creemos nada  No encontr√≥ mejor escusa Pa no cumplir la cuarentena que victimizarse....",0,,159
6714,@ErikaJuSar96,MELGAR,2020-04-11 01:33:33,"La cuarentena tambi√©n te ense√±a que quien de verdad est√° en tu vida, est√°, est√© donde est√©.",0,,187
6717,@leonard70607262,BOGOTA,2020-04-11 01:33:34,"Soy covid 19 positivo, me tom√© el examen nuevamente porque ayer cumpl√≠a mi cuarentena de 14 d√≠as desde que me tom√© mi primer examen y sigo estando positiva. 19 d√≠as despu√©s de que empec√© con los sintomas. Este virus dura m√°s de lo que se cree, cuidense mucho porfavor! üôèüèΩ",0,,878
6794,@40yveinte60,BOGOTA,2020-04-11 01:33:35,@soy_la_inge Unas nalgadas üòùüòà,0,,269
6798,@enzotamayo,BOGOTA,2020-04-11 01:33:35,"De lo poco que me agrada de esta cuarentena es que las parejas ya no se aguantan, comienzan a tirarse mierda y a sacar los trapos al sol hahahaha",0,,80
6873,@zoloyrry,BOGOTA,2020-04-11 01:33:37,Eso pasa cuando el ego manda sobre la raz√≥n y el coraz√≥n. Esperemos que los medios que andan alucinados con @ClaudiaLopez sean los veedores de estas irracionalidades. @NoticiasCaracol @NoticiasRCN @CaracolRadio,0,,891
6899,@wilromerol,MEDELLIN,2020-04-11 01:33:37,"Esto ni lo oye ni lo ve la Polic√≠a.  El radar y la fuerza, parece que solo les funciona con los estudiantes y otros ciudadanos indefensos",0,,3943
6916,@egarciarosales,SINCELEJO,2020-04-11 01:33:37,#LAVATELASMANOS  #QuedateEnCasa  #CoronavirusColombia https://t.co/z4MEX9akt3,0,,1229
6964,@gazu1961,COLOMBIA,2020-04-11 01:33:39,@Caidadelatorre La avaricia,0,,1337
6970,@alcaldiapasto,PASTO,2020-04-11 01:33:38,"Declaraci√≥n del Secretario de Salud del Municipio, Wilmer Mu√±oz, sobre la prueba de #Covid19 practicada al Alcalde @GERMANCHAMORRO1. https://t.co/3b1d1ynlCx",0,,20125
6977,@JuniorDiofa24,BARRANQUILLA,2020-04-11 01:33:39,Omg el final de temporada 8 de #GreysAnatomy me dejo traumado https://t.co/mljG9D9tBT,0,,512
7003,@QwertySebastian,BOGOTA,2020-04-11 01:33:39,Yo no sirvo para estar con una persona (que no sea pareja) todos los hijueputas d√≠as a todas horas. Lo confirm√© esta cuarentena.,0,,132
7075,@alcaldiapasto,PASTO,2020-04-11 01:33:41,Pueba para #Covid19 practicada al Alcalde @GERMANCHAMORRO1 con resultado NEGATIVO (10 de marzo de 2020). https://t.co/2DVfo5S6Jg,0,,20125
7100,@JoceMartinex,CARTAGENA,2020-04-11 01:33:41,@JJVergaraDiaz Luis √Ångel D√≠az,0,,911
7115,@OzkarPaez,BOGOTA,2020-04-11 01:33:41,"Cuando se recupere, a la c√°rcel. Ac√° no aprenden a las buenas.",0,,3354
7127,@_witchblue,BOGOTA,2020-04-11 01:33:42,¬øTips para pilotear el encierro con gente no deseada?  26 d√≠as de cuarentena de no s√© cuantos y empiezo a sentir deseos de matar :).,0,,227
7133,@JoseFBarriosG,COROZAL,2020-04-11 01:33:42,Las cifras oficiales dicen tambi√©n que en el desastre de Chern√≥bil solo murieron 31 personas.,0,,317
7219,@HectorReyes_HR,BOGOTA,2020-04-11 01:33:43,@Ivmozo JAJAJAJAJAA https://t.co/vELYmFU6ba,0,,816
7220,@aurabenedetti,CORDOBA,2020-04-11 01:33:44,@DJSalleg üí°,0,,1472
7426,@OSCARMORENOL,COLOMBIA,2020-04-11 01:33:48,"Miente, los utilizaba usted en sus caravanas de buses de pueblo en pueblo al igual que a algunos ind√≠genas.",0,,3273
7501,@Edwin_pdiaz,CALI,2020-04-11 01:33:49,"""Un kilo de avena vale 14 mil pesos, seg√∫n el contrato 041 de 2020 firmado entre la Alcald√≠a de Manaure y Gonzalo Vangrieken M√°rquez para entregar mercados a familias Wayuu por el COVID19"". Informa @ArmandoWayuu https://t.co/O98mqwduDm",0,,287
7561,@mivozdenuncia,COLOMBIA,2020-04-11 01:33:50,"Cu√°ntos muertos costar√°n las ‚Äúlocuras‚Äù de Claudia y su s√©quito, su irresponsabilidad hara que Bogot√° y todo el pa√≠s se salga de control en esta pandemia. En un pa√≠s con Justicia ya la habr√≠an llevado a juicio penal y pol√≠tico. #ClaudiaIrresponsable  #Claudiarenuncie",0,,998
7719,@gabrielaz96,COLOMBIA,2020-04-11 01:33:54,"En cuarentena por el covid, semana santa, hoy dia en el que crucificaron a Jes√∫s y la gente sale a llenar twitter de veneno contra el senador petro y una enfermedad tan delicada como lo es el cancer? Es enserio?????",0,,269
7738,@PabloPardoC_,BOGOTA,2020-04-11 01:33:54,"@gelitoazul No me digas que fue Majito la ""Gustavo Bolivariana"" contra Natalia.",0,,3135
7882,@carlosduartee__,SABANETA,2020-04-11 01:33:57,@xmodegreg Co√±o Bro hay que comprar esa de Sasha Fit,0,,38
7938,@Comin0,BOGOTA,2020-04-11 01:33:58,Lo √∫nico malo del capitulo fue el asalto a mano armada a Jan Sport.,0,,12104
7969,@ClaudiaYanethT7,ANTIOQUIA,2020-04-11 01:33:59,¬°A rezar! Con padres nuestros y ave mar√≠as m√°s de uno pag√≥ comparendo por violar la cuarentena https://t.co/WW951y3bBx,0,,290
8006,@fremont1963,JAMUNDI,2020-04-11 01:33:59,"@la_cacica1111 @DiegoFi27933574 @petrogustavo Exacto . Lo mismo escrib√≠ hoy yo . Esa es la estrategia , saldr√° hablando mal del sistema de salud colombiano y a los cuatro vientos saldr√° a decir que la santer√≠a cubana lo ha salvado .",0,,316
8138,@HulkOrtiz88,IBAGUE,2020-04-11 01:34:02,"Nadie deber√≠a alegrarse por la enfermedad de otro, por m√°s enemistad, confrontaci√≥n o discrepancias que haya. Menos en estos tiempos de pandemia en los que todos somos ‚Äúpresa f√°cil‚Äù para el Coronavirus. ¬°Recup√©rate @petrogustavo! (A.D.L.E)",0,,57
8170,@39269_,MEDELLIN,2020-04-11 01:34:02,¬øSer√° que yo s√≠ salgo viva de esta pandemia? Yo creo que no.,0,,5668
8297,@luisyepesb,MEDELLIN,2020-04-11 01:34:05,"Que tal esta cuarentena en los ochenta, sin internet, con dos canales de TV y sin control remoto...",0,,16793
8375,@EDDIE8610,BOGOTA,2020-04-11 01:34:07,#Ibagu√©,0,,298
8514,@SharonM27752528,BOGOTA,2020-04-11 01:34:10,"Bueno, y d√≥nde est√° mi mejor amigo chimba, que me copee en todo, me ame, me cuide como si fuera su ni√±a chiquita, que sea mi fuerte en mis peores momentos?",0,,103
8602,@180dgrsmedellin,MEDELLIN,2020-04-11 01:34:11,#catlover #cuarentena #quarantine https://t.co/HtPSASay4y,0,,25
8685,@Pau_Morrison,CALI,2020-04-11 01:34:13,@WilsonP81684382 @petrogustavo ‚òùÔ∏è,0,,273
8833,@HarryE29,COLOMBIA,2020-04-11 01:34:16,"Este a√±o lleg√≥ con nuevos desaf√≠os y sue√±os.  Han sido 100 d√≠as de retos, ense√±anzas y sobre todo, de ganas por hacer la diferencia. Me siento honrado de hacer parte del equipo que lidera @sarag12.  Vamos que vamos üí™üèº",0,,594
8841,@Luperez04,COLOMBIA,2020-04-11 01:34:16,Filosof√≠a...drama...cuarentena.  #cuarentenamood #coronavirus https://t.co/2hRaANmklS,0,,523
8843,@gustavbeltr,MEDELLIN,2020-04-11 01:34:16,La OMS destruye las falsas noticias sobre Venezuela en un solo cuadro. Atenci√≥n farsantes de la Derecha: TEST COVID19 /9Abr. üáªüá™Venezuela ha realizado el doble de las pruebas de Brasil y Chile. Tres veces m√°s que Per√∫ Cuatro veces m√°s que Colombia  Siete veces m√°s que Ecuador https://t.co/BwM7JXwUNd,0,,30
8883,@Rosaurita07,MONTERIA,2020-04-11 01:34:17,Se√±or perd√≥nalos porque no saben lo que hacen ‚úùÔ∏èüôèüèº,0,,471
8888,@DianitaVasquez,CALI,2020-04-11 01:34:17,Semana Santa Normal / Semana Santa en Cuarentena. https://t.co/jqrVVJzlgn,0,,76
8890,@WalterBuitrago7,BOGOTA,2020-04-11 01:34:17,La tierra  respira üëåüëåüëå,0,,202
8893,@LaFonoaudioloca,MEDELLIN,2020-04-11 01:34:17,"@Wilmarbarreram Jajajajaja un poco ortodoxa, pero aj√°.",0,,1105
8905,@Dalbert_Bernal,CALI,2020-04-11 01:34:17,@InfraesCali @AlcaldiaDeCali @JorgeIvanOspina @JamesAgudeloA Porque no aprovechan la cuarentena. Y terminan esa cochinada de v√≠a CALI-CANDELARIA... Y EL PUENTE.... !!!,0,,52
8913,@JairoRuiz1968,BOGOTA,2020-04-11 01:34:17,Si es cierto? Porque yo si dec√≠a que mientras el alcalde sea de las entra√±as de Pe√±alosa bogota estaba jodida.lastima por Ang√©lica Lozano la cre√≠a m√°s honesta,0,,99
8978,@ErikaSn55230599,PRADERA,2020-04-11 01:34:19,Te lo juro que no puedo contener mis ganas de estar con vos,0,,170
8999,@j_chaustre,COLOMBIA,2020-04-11 01:34:19,Les valoro su fuerza para arreglarse divina/os y maquillarse en cuarentena. Yo llevo casi 20 d√≠as sin arreglo.,0,,528
9121,@DrummerPalacio,MONTERIA,2020-04-11 01:34:21,https://t.co/KfSy2hjd37,0,,16
9123,@angellrive,BOGOTA,2020-04-11 01:34:21,M√°s de uno est√° igual Jajajajaja   Definitivamente este man la saca del estadio ü§£ü§£ü§£ @MarkomusicaVzla https://t.co/TRPC1KzkjR,0,,9237
9133,@gloriainespp,BOGOTA,2020-04-11 01:34:22,"#NUEVAEPSCuidaTuSalud I Recuerda que la poblaci√≥n m√°s vulnerable en est√° pandemia, son los adultos mayores. El cuidado de ellos es asunto de todos. https://t.co/U7n7jzb8YJ",0,,817
9321,@Almaylocura,BOGOTA,2020-04-11 01:34:25,Tengo el gato m√°s bello del planeta https://t.co/SO70rhBpdx,0,,709
9364,@alejabetancur51,ANTIOQUIA,2020-04-11 01:34:27,Historia de terror en cuarentena: que el computador no aguante el rigor y me deje tirada ‚ò†Ô∏èüëª.,0,,92
9383,@elvincentdupont,BOGOTA,2020-04-11 01:34:27,Eso de sentirse impotente ¬øes por la cuarentena?,0,,32724
9398,@Santiagoperil12,BOGOTA,2020-04-11 01:34:27,Need alguien as√≠ üò´.,0,,36
9454,@HumoEscarlata2,CALI,2020-04-11 01:34:28,"Nuestra cuarentona, digo cuarentena. https://t.co/wU8TQ0Rqm0",0,,17981
9523,@ElianValencia6,BARRANCABERMEJA,2020-04-11 01:34:30,@natalia_cortin8 Repitis,0,,56
9556,@KARANDREZ,BOGOTA,2020-04-11 01:34:30,"Se reir√°n de m√≠, pero les voy a decir esto: Vendr√° un tiempo en que extra√±aremos *algunas* cosas de esta cuarentena. #SeTeniaQueDecirYseDijo",0,,1018
9566,@sad_yayo,TUNJA,2020-04-11 01:34:30,"Damn, violet evergarden es re lesbiana, por qu√© no me hab√≠a dado cuenta de eso? She's bi culture https://t.co/K3cdThEOUq",0,,68
9584,@PaoCV_,COLOMBIA,2020-04-11 01:34:31,"""Un kilo de avena vale 14 mil pesos, seg√∫n el contrato 041 de 2020 firmado entre la Alcald√≠a de Manaure y Gonzalo Vangrieken M√°rquez para entregar mercados a familias Wayuu por el COVID19"". Informa @ArmandoWayuu https://t.co/O98mqwduDm",0,,165
9606,@Aleejandro_MV,BOGOTA,2020-04-11 01:34:31,"Last week, I published this op-ed @devex. Humbled to see it referenced by #globalsurgery giants (@MrsMaswime @BruceBiccard et al) albeit equally grim:  ""Africa and its people will be paying  the price for the USA and UK‚Äôs lack of investment in their own""  https://t.co/5A3HTlLDtE",0,,124
9636,@liberta32678770,CUCUTA,2020-04-11 01:34:32,"O sea que Gustavo Petro enfermito, todos estos d√≠as sacaba alientos de su amor al pueblo para estudiar c√≥mo evolucionaba la pandemia y presionar para que se tomaran buenas decisiones, pero no faltaba el que cre√≠a que estaba ""politizando"" o ""acerc√°ndose"" a la derecha.",0,,1071
9691,@Andreita_diazc,COLOMBIA,2020-04-11 01:34:33,"Capitulo 93 de amor brav√≠o, vamos bien en esta cuarentena ehü§£",0,,990
9712,@SandinoVictoria,COLOMBIA,2020-04-11 01:34:34,#PutumayoNoEstaSolo,0,,33340
9799,@garrafin,COLOMBIA,2020-04-11 01:34:35,"Soy covid 19 positivo, me tom√© el examen nuevamente porque ayer cumpl√≠a mi cuarentena de 14 d√≠as desde que me tom√© mi primer examen y sigo estando positiva. 19 d√≠as despu√©s de que empec√© con los sintomas. Este virus dura m√°s de lo que se cree, cuidense mucho porfavor! üôèüèΩ",0,,317
9856,@CanoWcz,MEDELLIN,2020-04-11 01:34:36,"Hola, te env√≠o nuestra rendici√≥n de cuentas durante esta cuarentena. Agradezco tus comentarios.   Muchas bendiciones.  Tu amigo EDR https://t.co/MswbrO8wE5",0,,833
9934,@kdhez,COLOMBIA,2020-04-11 01:34:38,"El virus #COVID„Éº19, de la familia de los #coronavirus pudo demostrar en tan poco tiempo (3meses) que nada estaba bien... Que el ""orden"" impuesto por la √©lite no es la respuesta, y que invertir en la salud es mejor que en la guerra.  No m√°s delirios de ser omnipotente.",0,,1645
9963,@andreacmc_,COLOMBIA,2020-04-11 01:34:39,"Tengo mucha rabia con mi pap√°, la verdad estoy a un cent√≠metro de largarme de la casa en plena pandemia.",0,,921
10103,@NataliaBaquero,BOGOTA,2020-04-11 01:34:41,Cristina Fern√°ndez guard√≥ rigurosa cuarentena de 14 d√≠as tras su regreso a Argentina procedente de Cuba en marzo pasado. La Vicepresidenta hab√≠a recibido cr√≠ticas por su ausencia en el espacio p√∫blico durante la contingencia COVID 19 en el pa√≠s austral,0,,2320
10193,@QwertySebastian,BOGOTA,2020-04-11 01:34:43,¬øC√≥mo van con sus familiares atravesados? ¬øYa se pelearon en esta cuarentena? Por aqu√≠ ya no nos aguantamos.,0,,132
10223,@ronnydddj,CALI,2020-04-11 01:34:44,Ultraortodoxos israel√≠es contra la cuarentena  Los intentos de la Polic√≠a de Israel de hacer cumplir las √≥rdenes de cuarentena en diferentes barrios de jud√≠os ultraortodoxos provocan enfrentamientos con multitudes enfurecidas. https://t.co/S6xiZucIjC,0,,28
10229,@_VisaG_JDaBeat_,BOGOTA,2020-04-11 01:34:44,"üáÆüá™ Nacionalizaron la Salud üá∞üá∑ Diagn√≥sticos tempranos masivos üá®üá≥ Construcci√≥n d üè• üá®üá∫ Misiones m√©dicas üá®üá¥ Una sola m√°quina para pruebas, plata p√∫blica a los bancos y m√©dicos usando bolsas d basura como dotaci√≥n contra el virus  No se puede tapar el sol con un dedo #DuquePidaAyuda",0,,0
10284,@PAISAJITO,COLOMBIA,2020-04-11 01:34:45,¬øAlguien puede creer que en China s√≥lo hayan muerto 3.300 personas tal y como reportan cifras oficiales? ¬øPor qu√© nadie cuestiona al r√©gimen chino?  Algunas fuentes hablan que s√≥lo POR D√çA se cremaban de 3.000 a 5.000 personas en Wuhan.,0,,7950
10573,@Sacal80,BOGOTA,2020-04-11 01:34:50,En cuarentena tambi√©n se puede dar Gracias en familia üôèüèª ‚ù§Ô∏è#QuedateEnCasa https://t.co/fr0xFOZWF3,0,,100
10590,@Alejandro_rey40,VILLAVICENCIO,2020-04-11 01:34:51,"Productos para el cuidado de tu familia, ¬øya tienes los tuyos? . Ventas por mayor y al detal. . Disponible para entrega inmediata. . Pago y domicilio contra entrega. . Solicita ya celular: 3235035111 .‚Ä¶ https://t.co/FeKav3Pllz",0,"{'type': 'Point', 'coordinates': [-73.6205, 4.14]}",45
10670,@oslopego,CALI,2020-04-11 01:34:52,"Nuestra cuarentona, digo cuarentena. https://t.co/wU8TQ0Rqm0",0,,635
10691,@EderDuran8,ARAUCA,2020-04-11 01:34:53,"@JoseHer63743351 @planwac @isleyvarela Vas a gritar lo mismo cuando lo vistan de overol naranja,",0,,144
10854,@AnyGaleano28,CHIRIGUANA,2020-04-11 01:34:57,"Conf√≠a, Dios siempre escucha tu oraci√≥n y √âl te responde con hechos y hermosas bendiciones, pues su amor por ti es infinito y su bondad no conoce limite.",0,,618
10861,@Carlosargoted,BARRANQUILLA,2020-04-11 01:34:57,"Acostado en una hamaca, lloviendo y escuchando Aragang: Noche perfecta",0,,454
10944,@litricodepilsen,POPAYAN,2020-04-11 01:34:57,@coquitowo Ike 10 a√±os- 50 minutos ¬ø??¬ø??? Eres t√∫ Einstein?,0,,681
10972,@marchdelbarrio,COLOMBIA,2020-04-11 01:34:59,Y est√°s muy desparchada?  - pues ya descargu√© el parch√≠s ese.  üòêüòêüòê,0,,3053
11041,@D_Leguizamo,COLOMBIA,2020-04-11 01:35:00,D√≠a # no s√© qu√© putas de cuarentena: quiero una sobredosis de Valevergaminol ¬°YA!,0,,196
11081,@johnjotapv,COLOMBIA,2020-04-11 01:35:01,"O sea que Gustavo Petro enfermito, todos estos d√≠as sacaba alientos de su amor al pueblo para estudiar c√≥mo evolucionaba la pandemia y presionar para que se tomaran buenas decisiones, pero no faltaba el que cre√≠a que estaba ""politizando"" o ""acerc√°ndose"" a la derecha.",0,,4070
11102,@DanielZapataGom,MEDELLIN,2020-04-11 01:35:01,"Jejejeje no me gustas, es ma cuarentena... aiuda",0,,329
11114,@charlasamenas63,COLOMBIA,2020-04-11 01:35:01,El virus nos devolvi√≥ a la ni√±ez. https://t.co/qDThQx3Y67,0,,1789
11187,@El__Arracadas,BOGOTA,2020-04-11 01:35:03,No me sorprende que el pa√≠s donde gan√≥ el NO y se idolatra a Uribe sea el mismo pa√≠s donde se discrimina al personal m√©dico en medio de una pandemia.,0,,8256
11216,@MiguelO9507,MARINILLA,2020-04-11 01:35:04,@gaitan_n Ahhmmm Bueno!!!,0,,16
11257,@juantdec,COLOMBIA,2020-04-11 01:35:04,"En medio de la pandemia, el Barcelona afronta dimisiones en su c√∫pula https://t.co/MVTYyUkSe1",0,,21
11333,@SanchezTatianaa,COLOMBIA,2020-04-11 01:35:06,"Visitando las 7 iglesias, en misa y luego la procesi√≥nüíï",0,,1218
11370,@JeanCarmona_,COLOMBIA,2020-04-11 01:35:07,no se que va a ser de mi si esta cuarentena no se acaba ma√±ana @ejpinaca https://t.co/aYJLW9CtIk,0,,1461
11382,@edwinbautistam,BOGOTA,2020-04-11 01:35:07,"Que tal esta cuarentena en los ochenta, sin internet, con dos canales de TV y sin control remoto...",0,,1541
11429,@victorhu2011,COLOMBIA,2020-04-11 01:35:08,@ElGatoArceArce @tiktok_us üòÇüòÇüòÇüòÇ muy bueno,0,,14
11622,@Nath_p9,COLOMBIA,2020-04-11 01:35:12,soy yo o la cuarentena nos ha hecho querernos a nosotros mismos 20 veces m√°s?,0,,18
11693,@carlosduartee__,SABANETA,2020-04-11 01:35:13,"Oki Doki Boomer, esc√∫chenla!",0,,38
11797,@Andy_Othero,CALI,2020-04-11 01:35:15,"Amigos, en M√©xico nadie les va aplaudir por ayudar a gente enferma. Salgan a las calles sin uniforme, cu√≠dense y denuncien cualquier agresi√≥n.   Esta vez tenemos batalla triple: contra una pandemia, contra autoridades ineptas, y contra la estupidez humana.",0,,148
11813,@claudiapaolag_,BOGOTA,2020-04-11 01:35:16,"Tusa en plena cuarentena, no pudo haber sido peor.",0,,438
12002,@tecsolss,BOGOTA,2020-04-11 01:35:19,"""#Cooperaci√≥n, #Solidaridad y #Mutualidad √önica forma en que seremos capaces de superar este desaf√≠o"" @Grupo_Coomeva   üëâüåê https://t.co/G7sjr9SPmF v√≠a @IndisolCol  ¬øApoyo con difusi√≥n? üìûCont√°ctenosüì≤ 322 921 0530  #Tecnolog√≠a #Elearning #Covid_19 #QuedateEnCasa @Ecosolidario1",0,,1098
12032,@Pipo9589,BOGOTA,2020-04-11 01:35:20,"Colombia, pa√≠s en el que ni una pandemia impide que los pol√≠ticos roben.",0,,98
12055,@_VisaG_JDaBeat_,BOGOTA,2020-04-11 01:35:20,"Listo el infame decreto Robin Hood al reves, se van a gastar los recursos p√∫blicos, entre ellos los de las Alcald√≠as destinados a atender la pandemia para salvar los bancos y grandes empresas del pobrecito de Luis Carlos Samiento. ¬°Eso si es ponerle el alma!",0,,0
12111,@tecsolss,BOGOTA,2020-04-11 01:35:21,"Cuarentena Duque va hasta 27 abril, estudiantes, ni√±os, j√≥venes y adultos septuagenarios hasta 31 mayo  üëâüóû https://t.co/2qX2QIp9tk  @Ecosolidario1 @IndisolCol  ¬øApoyo con difusi√≥n? üìûCont√°ctenosüì≤322 921 0530  #SomosCoop #QuedateEnLaCasa #Educaci√≥n #Gesti√≥nSocial #QuedateEnCasa https://t.co/tGZKf8XMqr",0,,1098
12149,@Isaac_joss,BARRANQUILLA,2020-04-11 01:35:22,C√≥mo que luego de la cuarentena deber√≠a tirarme un viajecito a Brasil. ü§§ü§§ü§§ü§§,0,,662
12161,@johncuervo,MEDELLIN,2020-04-11 01:35:22,"Trump ha lanzado en los √∫ltimos d√≠as una ofensiva contra la @opsoms de la que Estados Unidos es el mayor contribuyente, acusando a la organizaci√≥n de actuar con un sesgo pro-China durante la pandemia. https://t.co/tsQDQzLcgN",0,,191
12215,@RealRicardoMora,PEREIRA,2020-04-11 01:35:24,"Gente en Bello que le pone el alma como Bancolombia, amenizando el viernes Santo mi gente, ""para que lo sentan"" y con el permiso de la autoridades de la ciudad, como debe ser HP",0,,327
12311,@SneyderAlvarez6,BARRANQUILLA,2020-04-11 01:35:26,Cuando salga de nuevo a la calle despues de esta Cuarentena üôàüôàüôà https://t.co/dj81K7l1xv,0,,74
12349,@jufenu2007,IBAGUE,2020-04-11 01:35:26,en mi cuarentena https://t.co/yyIo1d74Db,0,,171
12398,@TatianaSvMrPvRk,CALI,2020-04-11 01:35:27,@Michaelronda @karolsevilla @_ruggero @VaLuZenere @caro_kopelioff @jorgelopez_as  hoy me puse a ver los videos de @DisneyChannelLA del the journey y llor√© mucho recordando todo esoüò´üò´üò´,0,,489
12427,@laverga_ra09,COLOMBIA,2020-04-11 01:35:28,ü§ê https://t.co/8YkJnZsdWj,0,,193
12431,@Madame_Kaiser,MEDELLIN,2020-04-11 01:35:28,Nuevo? HAHHAHAHAHA,0,,871
12440,@andreseduaceve1,BOGOTA,2020-04-11 01:35:28,@Caldense_77 hola,0,,493
12476,@moralesmunera,MEDELLIN,2020-04-11 01:35:29,Esta cuarentena me volvi√≥ el pap√° de: ‚Äúen la casa la hago yo y queda m√°s rica‚Äù,0,,382
12530,@cesartulio,BOGOTA,2020-04-11 01:35:30,"Si se pudo lo menos, ponerle impuesto a los altos salarios p√∫blicos, por que no se hace lo m√°s: impuesto a los patrimonios netos de m√°s de 5 mil millones  Si solo lo primero, no es m√°s que para despertar aplausos, si adem√°s, se hace lo segundo: financia la lucha contra el virus",0,,451
12545,@ElNegro49969484,COLOMBIA,2020-04-11 01:35:30,@Leidyliberal201 Linda mi amor,0,,16
12567,@roespa1969,TUNJA,2020-04-11 01:35:31,"Cerca a Wall Street se construye una fosa com√∫n. El desastre m√°s grande del mundo frente al Covid19, sucede hoy en Nueva York.   Es el desastre del capitalismo depredador, el desastre de la destrucci√≥n de salud p√∫blica, del derecho de la gente por la codicia y los mercados.",0,,589
12589,@Melissamy181312,BARRANQUILLA,2020-04-11 01:35:31,"Cual es la enamoradera que les cae en cuarentena, nombe no.",0,,107
12601,@CrissVinos,COLOMBIA,2020-04-11 01:35:31,"Disfrutando el viernes en casa, con un excelente vino de bodegavinasantamarina @vinasantamarina de #extremadura #espa√±a #meridaespa√±a #syrah #cabernetsauvignon especial para acompa√±ar platos mediterr√°neos üç∑üç∑üç∑  . ü•ò Y‚Ä¶ https://t.co/oqrXjxyCsP",0,"{'type': 'Point', 'coordinates': [-74.0794, 4.5997]}",130
12611,@CadenaTefa20,COLOMBIA,2020-04-11 01:35:31,Y que puedo hablar con quien yo quiera sin estar mortific√°ndome por nada ü•∞,0,,100
12628,@DrummerPalacio,MONTERIA,2020-04-11 01:35:32,"Si solo te quiere porque lo que tienes, d√©jala ir no vale la pena",0,,16
12703,@paulodeta,COLOMBIA,2020-04-11 01:35:33,"Soy covid 19 positivo, me tom√© el examen nuevamente porque ayer cumpl√≠a mi cuarentena de 14 d√≠as desde que me tom√© mi primer examen y sigo estando positiva. 19 d√≠as despu√©s de que empec√© con los sintomas. Este virus dura m√°s de lo que se cree, cuidense mucho porfavor! üôèüèΩ",0,,4800
12734,@aceropedro,CUCUTA,2020-04-11 01:35:34,"Recuerda la importancia del lavado de manos, esto nos ayuda a combatir enfermedades y la propagaci√≥n de virus en nuestro entorno.   Una campa√±a del Despacho del Gobernador y la Gestora Social de Norte de Santander, con apoyo de la Corporaci√≥n Juego y Ni√±ez y la...üëáüëáüëá https://t.co/bzHFFBHxMZ",0,,48
12759,@RojasCoripati,VALLE,2020-04-11 01:35:34,"@JorgeIvanOspina @Yon_Romas Tienen su propio argumento, para no acatar decisoones,,,,",0,,464
12807,@juanfelipews,PASTO,2020-04-11 01:35:35,Esta cuarentena a servido para darme cuenta que mis pap√°s son m√°s adictos a el celular que yo. üôÑ ( ahora aplicar√© s√≥lo pegado de ese fasebul),0,,692
12839,@RobinsonLopezA,MEDELLIN,2020-04-11 01:35:36,"#FuerzaPetro con  Petro tengo mis diferencias, sin embargo admir√≥ el coraje y gallard√≠a que ha tenido siempre para luchar. Nada lo ha hecho declinar y ahora solo deseo que salga triunfante de esa enfermedad üí™.",0,,219
12919,@yimyMejiaBaez,BOGOTA,2020-04-11 01:35:38,"Han sido semanas duras, nuestro agradecimiento es por levantar a este pa√≠s en medio de esta pandemia. ¬°Toda Colombia est√° con ustedes! üë®üèª‚Äçüî¨üë©üèª‚Äç‚öïÔ∏è Hoy desde el Hospital Universitario San Jos√© üè• https://t.co/zVxW1EfLt1",0,,1066
13016,@_andreag8,GUAJIRA,2020-04-11 01:35:40,Y me quejo porque no me salen,0,,132
13057,@Melissamy181312,BARRANQUILLA,2020-04-11 01:35:40,Jajajajajajajajajaja,0,,107
13076,@ShockCo,COLOMBIA,2020-04-11 01:35:41,"#Gu√≠aShockParaNoSalirDeCasa Al final de 'Contagio', los protagonistas logran crear una vacuna, pero nos recuerdan que todo ese horror comenz√≥ por un √°rbol talado y una persona que no se lav√≥ las manos. https://t.co/rimBfAfBXG",0,,213799
13085,@GabrielNarvaezV,SINCELEJO,2020-04-11 01:35:41,Este video fue grabado en plena cuarentena en Bello Antioquia.  Rompen confinamiento para enterrar traquetos en medio de grandes desfiles y tambi√©n para afinar su punter√≠a.  @petrogustavo @GustavoBolivar @PoliciaColombia @FiscaliaCol https://t.co/YO4UJ9FV17,0,,4321
13226,@FelixToro20,BOGOTA,2020-04-11 01:35:44,"Cosas que pasan cuando los ""Heteros"" Trabajan en casa durante la cuarentena... MAS EN @DickCuck https://t.co/hwVzwuC9Bk",0,,57
13257,@MichaelATC,POPAYAN,2020-04-11 01:35:44,"Nostalgia,  Gracias a Dios los tengo con vida https://t.co/JOJvG8ISbL",0,,826
13287,@johannvargasb,NEIVA,2020-04-11 01:35:45,"@rcnradio @amparopelaez Efecto colateral de la pandemia, ahora la democracia @SenadoGovCo tambi√©n enferma. Sin Congreso no hay pesos y contra pesos.  No puedo creer que no encuentren alternativas funcionales. @IvanDuque y su marcado inter√©s por alejar al Congreso de su estado de emergencia.",0,,277
13338,@aceropedro,CUCUTA,2020-04-11 01:35:46,"Los servicios esenciales pueden salvar vidas. Desde @AlcaldiaCucuta fortalecemos  mecanismos de respuesta a la violencia de g√©nero y hemos hecho campa√±a de prevenci√≥n #COVID19 con mujeres y madres cabeza de hogar en Palmarito, Agua Clara y San Faustino, zona rural. https://t.co/rBtNWNublH",0,,48
13344,@HernandoCortesL,BOGOTA,2020-04-11 01:35:46,"400 UCI es el plan de la gobernaci√≥n y el distrito para enfrentar la pandemia.   Trabajo conjunto: gobernaci√≥n, alcald√≠a, EPS, HUC, S√∫per Salud, sector privado y congresistas para preparar a Cartagena y Bol√≠var contra el Coronavirus. https://t.co/XN6VFLvuC9",0,,723
13351,@gdjorgee22,BOGOTA,2020-04-11 01:35:46,@echeverry_sol @0000osd petrogustavo esto es un libreto de @GustavoBolivar ????? les pasa como el cuento del pastorcito mentiroso.......,0,,2019
13484,@kelita111,COLOMBIA,2020-04-11 01:35:49,"¬°Ayyyy ven hay una ara√±a muy grande! No es para tanto... Esa no, ¬°ESA! #tarantulagoliat #ara√±a #YoMeQuedoEnCasa #COVID19 #coronavirus https://t.co/TMecWhVJdr",0,,151
13505,@Yeco2017,MEDELLIN,2020-04-11 01:35:49,https://t.co/qB4azluxKl,0,,3120
13564,@xabiercel,GUAMAL,2020-04-11 01:35:50,Cuenta originales full HD. WhatsApp 3204941868 #quedateencasa https://t.co/4GXnZWPCFB,0,,87
13659,@GeraldineTelloL,BOGOTA,2020-04-11 01:35:52,@pxrrxcxlx Liches de frutos rojos y ositos de goma.,0,,158
13671,@pablogonzale11,BARRANQUILLA,2020-04-11 01:35:52,Tratando d salir en esta  4Ô∏è‚É£0Ô∏è‚É£tena.... #NoSalgasHP #QuedateEnCasa  #ViernesSanto  #ViernesDeGanarSeguidores  Vamos a cuidarnos! Un abrazo de GOL https://t.co/CRwW0ZQ98Q,0,,1733
13690,@Capetok_,BOGOTA,2020-04-11 01:35:53,"Este man me cae muy bien, gran coraz√≥n.",0,,98
13721,@joqui___,MEDELLIN,2020-04-11 01:35:54,@Dabitch71 Yo si creo ü•∫ü§¶üèº‚Äç‚ôÇÔ∏è,0,,11742
13836,@Herman_Cadena,BOGOTA,2020-04-11 01:35:56,"@HernnAguirre6 Ay Dios!!, que gente tan est√∫pida. Se sienten valientes con un arma y disparando.  Esa es la naturaleza de los bandidos!!",0,,3928
13838,@juanluisdhz,BARRANQUILLA,2020-04-11 01:35:56,Ya me veo destapando la primera cerveza despu√©s de la cuarentena.,0,,1412
13855,@CamiloDiaz_BPR,BOGOTA,2020-04-11 01:35:56,JAJAJAJAJAJJJAJAJAJAJAJAJJAJAJAJJAJAJAJAJAJAJAJAJAJAJAJAJJAJAJAJAAJAJAJAJAJJAJAAJA PA√çS HIJUEPUTA,0,,303
13865,@Miguelvergara36,COLOMBIA,2020-04-11 01:35:57,Quiero saber cu√°ntos de mis seguidores de verdad me est√°n deseando en esta cuarentena....üòà  Si te gustar√≠a tenerme as√≠ dale RT. üçë                                                  Solo #RT https://t.co/rFzdaLbQ7Y,0,,379
13874,@SoyDeyner,RIOHACHA,2020-04-11 01:35:57,Jajajajajaj almighty es el mejor üòÇ,0,,188
13880,@Wilmarbarreram,CALI,2020-04-11 01:35:57,"@LaFonoaudioloca Por pura cuarentena, lo voy a intentar!!",0,,3508
13936,@Evelyn_dzg,COLOMBIA,2020-04-11 01:35:58,Yo pensaba que esta cuarentena me ten√≠a jod√≠o pero Ozuna ya se parece a mi profesor de Humanidades. https://t.co/zW4DvaCYGh,0,,21
13993,@freysantamaria,TUNJA,2020-04-11 01:35:59,√öLTIMA HORA  Trump firma un decreto que permite sancionar a pa√≠ses que se nieguen o retrasen en la repatriaci√≥n de sus ciudadanos desde EE.UU. durante la pandemia https://t.co/jLg9u0HZjA https://t.co/Prf6FBSMo3,0,,606
14025,@Tettoplata,COLOMBIA,2020-04-11 01:36:00,Estoy viendo parejas peligrosas con mi mam√°. Como has quedado Nestorsito. üòÇ,0,,90
14096,@Jaime_campov,SANTA,2020-04-11 01:36:01,Todos cuando se acabe la cuarentena,0,,51
14115,@CamillitoNew,BOGOTA,2020-04-11 01:36:01,"El coronavirus podr√≠a viajar hasta 4 metros de un paciente, seg√∫n estudio en Wuhan #VocesYSonidos ‚Üí https://t.co/TWneXGn8qy https://t.co/pnYSboZwzp",0,,62
14117,@hamilcas83,COLOMBIA,2020-04-11 01:36:01,@nosoyjoselito_ A mis 36 en plena cuarentena,0,,158
14170,@ednomo,ANTIOQUIA,2020-04-11 01:36:02,@ghitis Yo dir√≠a que el virus que ataca Bogota es el CORONamos.!!,0,,1015
14208,@johnfgonzalezt,BOGOTA,2020-04-11 01:36:03,La OMS destruye las falsas noticias sobre Venezuela en un solo cuadro. Atenci√≥n farsantes de la Derecha: TEST COVID19 /9Abr. üáªüá™Venezuela ha realizado el doble de las pruebas de Brasil y Chile. Tres veces m√°s que Per√∫ Cuatro veces m√°s que Colombia  Siete veces m√°s que Ecuador https://t.co/BwM7JXwUNd,0,,227
14320,@andreaultengo,BOGOTA,2020-04-11 01:36:06,@_El__Patriota_ Y se hace llamar El Patriota?,0,,80
14405,@Lizethzuluaga9,MONTERIA,2020-04-11 01:36:07,H O R R I B L E E E,0,,290
14435,@TeenIdleMoon,BOGOTA,2020-04-11 01:36:08,"Viv√≠ una pandemia antes que una relaci√≥n estable, me encanta.",0,,1055
14468,@mokina0,COLOMBIA,2020-04-11 01:36:08,He valorado irland√©s (2019) - 7/10 #IMDb - https://t.co/DQcKYJkLGV,0,,56
14503,@comprension28,BOGOTA,2020-04-11 01:36:09,Que feo es extra√±ar los brazos de alguien,0,,852
14531,@Antonio_morboso,BOGOTA,2020-04-11 01:36:10,"@calypsorock Me promet√≠ conseguir un mejor trabajo despu√©s de la cuarentena, uno en el que me sienta mejor ü§ó",0,,297
14578,@_ClauAndrea,BOGOTA,2020-04-11 01:36:11,"Soy covid 19 positivo, me tom√© el examen nuevamente porque ayer cumpl√≠a mi cuarentena de 14 d√≠as desde que me tom√© mi primer examen y sigo estando positiva. 19 d√≠as despu√©s de que empec√© con los sintomas. Este virus dura m√°s de lo que se cree, cuidense mucho porfavor! üôèüèΩ",0,,425
14636,@LuzRoCorredor,BOGOTA,2020-04-11 01:36:12,"En tiempo de cuarentena tengo tiempo para elaborar Recursos Educativos Digitales. Aqu√≠ una infograf√≠a de la Secuencia Did√°ctica, la cual ir√° acompa√±ada de un podcast donde se ampl√≠a la explicaci√≥n. https://t.co/OUootySJF4",0,,5524
14671,@CamillitoNew,BOGOTA,2020-04-11 01:36:13,Noticias RCN recorri√≥ varios puntos de Bogot√° y evidenci√≥ las estrategias que muchos utilizan para burlar las autoridades y violar la cuarentena https://t.co/4305AdA21G,0,,62
14715,@juantdec,COLOMBIA,2020-04-11 01:36:14,"Videojuegos, series, libros y m√°s: las recomendaciones de los editores de Andro4all para la cuarentena https://t.co/6n9a9ME8AC",0,,21
14738,@cristianbgt,COLOMBIA,2020-04-11 01:36:14,"To help us get an better understanding of how much #COVID19 has spread undetected in the US, #NIH will study ~10K volunteers without a confirmed history of infection to see if they have SARS-CoV-2 antibodies in their system, indicating prior infection https://t.co/QWVzkJiVfn",0,,47
14760,@Mateoelhombre,MEDELLIN,2020-04-11 01:36:15,@Jose72410614 Uff no me digas eso ome que estoy en cuarentena.,0,,778
14788,@ElDocTrauma,BARRANQUILLA,2020-04-11 01:36:15,Primer caso probable de embarazada #Covid19 en Hospital Ni√±o Jes√∫s. #QuedateEnCasa,0,,33
14997,@andorayando,TUNJA,2020-04-11 01:36:19,11-12,0,,751
15040,@MaidyGomez,NEIVA,2020-04-11 01:36:20,"@Jonatha18195078 Eso sin decir que se muri√≥ ( para mi lo mataron) el m√©dico que alert√≥ del virus, desaparecido uno de los periodistas que intent√≥ alertar, y desapareci√≥ una enfermera por lo mismo, en fin muchos estigmas por resolver.üòí",0,,270
15069,@gdjorgee22,BOGOTA,2020-04-11 01:36:20,@DomingoPaniza @0000osd petrogustavo esto es un libreto de @GustavoBolivar ????? les pasa como el cuento del pastorcito mentiroso.......,0,,2019
15186,@dgirado,BOGOTA,2020-04-11 01:36:23,@SC_ESPN TE√ìFILO ANTONIO GUTIERREZ,0,,294
15302,@Rcorazondeleon_,COLOMBIA,2020-04-11 01:36:25,@AngelicaYoma @Tuitere_sinjeta Ya est√° lloviendo ‚òî,0,,2513
15336,@lrrt20,PEREIRA,2020-04-11 01:36:26,"OIGAN ESTOY TAN FELIZ DIZQUE UNA HORA DE @BTS_twt EN ESTE PLATANAL Y EN MEDIO DE LA CUARENTENA Y AHORA SUNA ""IDOL"" üß° GRACIAS @los40colombia!!!!  #LOS40deLOS40 @TATOOJEDAA #BTSx40Principales @BTS_twt",0,,652
15379,@renixto,COLOMBIA,2020-04-11 01:36:27,Tolis!!! darlygaitan üíï‚ò†Ô∏èüíï‚ò†Ô∏è #estralandia estralandia_oficial . . . #sevaleso√±ar en Bogota D.C https://t.co/ZW2Gx7vunc,0,"{'type': 'Point', 'coordinates': [-74.07613277, 4.59788874]}",156
15395,@karina1quintero,CARTAGENA,2020-04-11 01:36:27,"Nadie deber√≠a alegrarse por la enfermedad de otro, por m√°s enemistad, confrontaci√≥n o discrepancias que haya. Menos en estos tiempos de pandemia en los que todos somos ‚Äúpresa f√°cil‚Äù para el Coronavirus. ¬°Recup√©rate @petrogustavo! (A.D.L.E)",0,,4732
15436,@mariadelpilarwi,IBAGUE,2020-04-11 01:36:28,Me confirman que es real el contrato de 6.000 millones de la  Alcaldesa @ClaudiaLopez firmado hace poco  para pauta de la Alcald√≠a... ¬ø En serio 6.000 MILLONES EN ESTE MOMENTO PARA IMAGEN ALCALDESA?¬øCampa√±a en medio de una pandemia?   ¬° No puede ser ! https://t.co/KIRG20MnBx,0,,1252
15486,@gabrielromerom_,CHIA,2020-04-11 01:36:29,Ush emblema mc es un crack con 13 a√±os ¬øpor que no sabia de su arte?,0,,2798
15491,@elpoderoso143,POPAYAN,2020-04-11 01:36:29,"Soy covid 19 positivo, me tom√© el examen nuevamente porque ayer cumpl√≠a mi cuarentena de 14 d√≠as desde que me tom√© mi primer examen y sigo estando positiva. 19 d√≠as despu√©s de que empec√© con los sintomas. Este virus dura m√°s de lo que se cree, cuidense mucho porfavor! üôèüèΩ",0,,1177
15562,@KIBUTZCOL,COLOMBIA,2020-04-11 01:36:31,"LO QUE SIEMBRAS ESO RECOGES NOS ENGA√ëARON CON PLEBISCITO NOS ENGA√ëARON CON NEGACI√ìN DE CURULES PARA GENOCIDAS NOS SIGUEN ENGA√ëANDO CON POSES DE FARISEOS COLOMBIA YA DESPERT√ì DE LOS MENTIROSOS QUE MENDIGAN LASTIMA PARA QUE NO LOS JUZGUEN EJEMPLO: SANTRICH, EL CIEGUITO.",0,,1341
15567,@tusvida09,PEREIRA,2020-04-11 01:36:31,@IronmanTaty Bell√≠sima.,0,,626
15602,@jwpr_dpr,MEDELLIN,2020-04-11 01:36:31,- ¬øNo est√°s cansado de ver Los Simpson en esta cuarentena? - https://t.co/UDjGBDzIyz,0,,11
15676,@lauaponte16,BOGOTA,2020-04-11 01:36:33,"¬°Sale #LaPulla! Clubes de lectura, cursos virtuales, rutinas de ejercicio y listas de pel√≠culas: en cuarentena nos proponen hacer mil planes. Pero les tenemos una idea mejor para enfrentar al covid-19: no hacer nada. Vean por qu√© ‚Üí https://t.co/hKEEBjrKTr https://t.co/aQkbePFMjj",0,,648
15686,@_RDMariana,BOGOTA,2020-04-11 01:36:33,Creo que mi pasatiempo favorito de esta cuarentena es ver todos los videos que la gente sube de ovnis en diferentes pa√≠ses üõ∏üëΩ,0,,428
15782,@EventosBelu,CALI,2020-04-11 01:36:35,Y este es el resultado final del rompecabezas the game of thrones üëèüèªüëèüèªüëèüèªüí™üèºüôãüèª‚Äç‚ôÄÔ∏èüôãüèª‚Äç‚ôÇÔ∏èpor fin @LatinaCaliente_ @Josnat8 @Luisabis2 @lunaparaiso8888 @cornudaso23 @casadasycornud1 @Ximena_Cosmo @MarPad4 @hotwife69sex @natalicarlos @bellezas_colomb @Leidyliberal201 @chicaricasexi1 https://t.co/x8RRL3DvI6,0,,37020
15845,@agraco16,BOGOTA,2020-04-11 01:36:36,#HiloTime: Atenci√≥n a esto. ¬øChina miente sobre el COVID-19 y la fecha de inicio del virus? Distintos medios estadounidenses est√°n haciendo una grave denuncia que no deja bien parado al gigante asi√°tico e incluso a la Organizaci√≥n Mundial de la Salud. Abro hilo para contarles: https://t.co/hbxkHDEqz0,0,,282
15874,@CarelPito,BOGOTA,2020-04-11 01:36:37,"Quien pase por la¬†cabina¬†recibir√° un¬†ba√±o¬†de¬†amoniocuaternario¬†de¬†quinta generaci√≥n. Producto qu√≠mico¬†aprobado por Invima, combate la¬†propagaci√≥n¬†del¬†virus¬†y contiene¬†agentes antibacterianos,¬†antomicrobianos y antivirales"", destaca la¬†comunicaci√≥n¬†de los¬†guardias¬†de dicha centro.",0,,70
15893,@hanyupava,CALI,2020-04-11 01:36:37,"Recordando hace algun tiempo como era la peregrinaci√≥n al cerro de las 3 cruces en Semana Santa. Pero ya lo sabes, hoy #QuedateEnCasa. #HoyPorMiHoyPorTodos https://t.co/6sgVTlZmD1",0,,605
15931,@EAlexanderBG,BOGOTA,2020-04-11 01:36:38,#HiloTime: Atenci√≥n a esto. ¬øChina miente sobre el COVID-19 y la fecha de inicio del virus? Distintos medios estadounidenses est√°n haciendo una grave denuncia que no deja bien parado al gigante asi√°tico e incluso a la Organizaci√≥n Mundial de la Salud. Abro hilo para contarles: https://t.co/hbxkHDEqz0,0,,343
15978,@ValenLizcanoC,IBAGUE,2020-04-11 01:36:39,De haber podido elegir el lugar para pasar la cuarentena ¬øhubieran elegido el lugar en el que est√°n?,0,,1282
15997,@readyforone1,COLOMBIA,2020-04-11 01:36:39,Que hacen? https://t.co/VLxeIl6WGT,0,,910
16004,@kalvarez2019,VALLE,2020-04-11 01:36:39,Salud !!! üåëüç∑ https://t.co/aH1QoHFumQ,0,,24
16151,@joqui___,MEDELLIN,2020-04-11 01:36:42,@Bicorav Me toca comprar ma√±ana. Gracias ‚ù§Ô∏è,0,,11742
16172,@telarfarma,VILLETA,2020-04-11 01:36:43,"A cohort of patients with severe Covid-19 received treatment with remdesivir under a compassionate-use protocol. Improvement in oxygen-support status was observed in 68% of patients, and overall mortality was 13% over a median follow-up of 26 days. #COVID19",0,,503
16173,@DRAGONMAKTO,SANTA,2020-04-11 01:36:43,El progresismo es una pandemia peor.,0,,364
16199,@sirenasilente,MEDELLIN,2020-04-11 01:36:43,"Que tal esta cuarentena en los ochenta, sin internet, con dos canales de TV y sin control remoto...",0,,855
16222,@alonso_garcia7,SANTA,2020-04-11 01:36:44,Cuanto tiempo se pronostica para que todo vuelva a la normalidad? Hablo de la cuarentena ...,0,,50
16263,@Diana32923870,CAJICA,2020-04-11 01:36:45,"""Un kilo de avena vale 14 mil pesos, seg√∫n el contrato 041 de 2020 firmado entre la Alcald√≠a de Manaure y Gonzalo Vangrieken M√°rquez para entregar mercados a familias Wayuu por el COVID19"". Informa @ArmandoWayuu https://t.co/O98mqwduDm",0,,422
16296,@pilarwiedman_,COLOMBIA,2020-04-11 01:36:45,ACTUALIZACI√ìN Casos confirmados de #COVID19 en el Valle del Cauca - 10 de Abril del 2020 ‚§µÔ∏è https://t.co/cLeSTm3zOM,0,,339
16320,@CosmeFulanit0_,BOGOTA,2020-04-11 01:36:46,"Marico, nunca he tenido sexo y esta cuarentena ha hecho que me den m√°s ganas de tener.",0,,4040
16346,@FLACOFARRERO,BOGOTA,2020-04-11 01:36:46,"Parce no se lo que es perder un padreüò≠üò≠üò≠ pero linda Stefania Aule, me acaba de mostrar c√≥mo duele que tu papito no est√© para conocer a su nieto, que no jueguen juntos, que no sea su c√≥mplice como lo fue con ella...‚Ä¶ https://t.co/sCjuXzHRo8",0,"{'type': 'Point', 'coordinates': [-74.07613277, 4.59788874]}",21348
16368,@lindanena319,COLOMBIA,2020-04-11 01:36:47,Tiene cara de sexo,0,,6471
16502,@sandrapulga,MEDELLIN,2020-04-11 01:36:49,"En esta cuarentena no he le√≠do un libro, no he aprendido un idioma nuevo ni he hecho una receta incre√≠ble, tampoco he hecho ejercicio ni he desarrollado alg√∫n talento. Soy todo lo que uds odian.",0,,415
16591,@DRAGONMAKTO,SANTA,2020-04-11 01:36:51,#NoticieroW | Denuncian que el gobernador de Magdalena est√° entregando contratos ajenos a la pandemia &gt;&gt; https://t.co/4K2bZueRhF https://t.co/bCqYt26Qiy,0,,364
16626,@jean_twi,MANIZALES,2020-04-11 01:36:52,Menla tienen pelada con ese 60-90-60,0,,218
16634,@NELSONM10703100,BOGOTA,2020-04-11 01:36:52,"Jajaja... El Petrista sali√≥ a defender a su Dios.  Por eso andamos c√≥mo andamos, Patria Boba con ignorantes como borregos.",0,,121
16754,@oOAndre_PerezOo,BOGOTA,2020-04-11 01:36:54,"Soy covid 19 positivo, me tom√© el examen nuevamente porque ayer cumpl√≠a mi cuarentena de 14 d√≠as desde que me tom√© mi primer examen y sigo estando positiva. 19 d√≠as despu√©s de que empec√© con los sintomas. Este virus dura m√°s de lo que se cree, cuidense mucho porfavor! üôèüèΩ",0,,1669
16760,@SCardenasS,BOGOTA,2020-04-11 01:36:54,"@mauroraballaty Tan tierno creer que las cifras de detectados en cualquier lado son igual a los infectados realesüòÇ  Sin embargo lo que hay que ver es el caos asociado en el sistema de salud. En Colombia no hay, en Ecuador hay muertos tirados que nadie recoge. Es f√°cil entender el cuento.",0,,9830
16809,@soyunaflaca,BARRANQUILLA,2020-04-11 01:36:56,@soyunaflaca ‚ÄúFue un momento muy ca√≥tico que dur√≥ dos a√±os. Fue una pandemia viral psicosom√°tica que penetr√≥ solo cuerpos incompatibles con la vibraci√≥n del amor al pr√≥jimo. No hab√≠a adonde huir‚Äù.  Tip: Leelo con la voz de @flavia2santos,0,,129
16834,@JuanCamilo,COLOMBIA,2020-04-11 01:36:56,"Dato de #ViernesSanto: Bogot√°, la ciudad de la alcaldesa #CovidL√≥pez tiene 16% de la poblaci√≥n de üá®üá¥pero ya tiene 46% de casos de #COVID19 ü¶†üåá del pa√≠s.   Y ella decide pelear con los empresarios y gastar 7200 millones en publicidad y encuestas ü§¶üèª‚Äç‚ôÇÔ∏èüí∞üëá:    https://t.co/sm5lu1vzBy",0,,5393
16886,@rapr416,BUCARAMANGA,2020-04-11 01:36:57,"@CMILANOTICIA Esa botadera de agua no sirve, ma√±ana volver√° a estar sucio e infectado de bacterias y virus. Ahorren agua!",0,,113
16914,@Andmusfan603,CALI,2020-04-11 01:36:58,¬øQu√© ense√±anza le ha dejado esta cuarentena?,0,,1158
16943,@Madame_Kaiser,MEDELLIN,2020-04-11 01:36:58,üíî,0,,871
17006,@gdjorgee22,BOGOTA,2020-04-11 01:36:59,@Uribistayque @0000osd petrogustavo esto es un libreto de @GustavoBolivar ????? les pasa como el cuento del pastorcito mentiroso.......,0,,2019
17007,@CarmobaRosa,COLOMBIA,2020-04-11 01:36:59,"Con 6.000 millones de pesos se habr√≠an podido entregar 60.000 mercados de $100.000 c/u  ¬ø¬øC√≥mo es posible que el alcalde @ClaudiaLopez prefiera invertir en publicidad, en vez de calmarle el hambre a 60.000 familias???  #DeMalas #coronavirus #COVID19 #Hambre #100DiasDeOportunismo https://t.co/G55QjIE0Ks",0,,165
17027,@rolo_chato,COLOMBIA,2020-04-11 01:37:00,Uno sabe que super√≥ el cigarrillo cuando ni una cuarentena te hace recaer üí™üèª,0,,1063
17046,@ArnobiCja,MEDELLIN,2020-04-11 01:37:00,"A Petro le creo el d√≠a que lo declaren oficialmente muerto, pero que no sea √©l mismo el que env√≠a un trino #NoLeCreoAPetro",0,,1343
17104,@Comin0,BOGOTA,2020-04-11 01:37:01,@NiculosM Le adivinasteeeeee hahaa,0,,12104
17196,@buena_nea,SOACHA,2020-04-11 01:37:03,Fav si vamos hablar un rato,0,,209
17300,@LuisFer75459615,COLOMBIA,2020-04-11 01:37:05,https://t.co/TE9xaxlRgs,0,,273
17323,@wsadid66,MEDELLIN,2020-04-11 01:37:06,#COVID19 LATINOAMERICA #Coronavirus 10/04/2020  üá™üá® Ecuador reporta 2196 casos nuevos en un d√≠a. https://t.co/4Wpc3px5aa,0,,648
17345,@itsthetavo,COLOMBIA,2020-04-11 01:37:06,"Yo como que voy a pagar mi suscripci√≥n a Origin, este encierro necesita de FIFA.",0,,895
17359,@EnriqueDaza8,VALLEDUPAR,2020-04-11 01:37:06,"Si solo para esta en √©poca de pandemia se aplicar√° la pena de muerte a los que se roben las ayudas sociales, el resultado seria qu√© habr√≠an m√°s muertos por ladrones que por Coronavirus.  A Colombia no la mata el hambre, la mata la corrupci√≥n.",0,,353
17459,@gdjorgee22,BOGOTA,2020-04-11 01:37:08,"#NoLeCreoAPetro  puro show barato creado por su amigo el narco novelero, el 13 regresa con registros medicos falsos, todo esto lo hace para evitar la sancion por volarse durante la cuarentena.",0,,2019
17471,@isnardoalvarez,BOGOTA,2020-04-11 01:37:09,"""La pandemia del coronavirus nos ha despertado abruptamente del delirio de omnipotencia. Este virus nos recuerda que somos mortales"": palabras del padre Raniero Cantalamessa en la conmemoraci√≥n de la Pasi√≥n de Cristo (primera parte)  En vivo -&gt; https://t.co/yqNEZK7rZ3 https://t.co/eLtgATpqPJ",0,,147
17480,@mariaangielr,QUINDIO,2020-04-11 01:37:09,@AndersonChaura @juliangiraldom Que lindisss que tiernos,0,,120
17513,@elayala16,PASTO,2020-04-11 01:37:09,Me lleg√≥ por WhatsApp: Salario b√°sico de profesionales en batalla: M√©dico: 2.400.000 Enfermera Jefe: 1.400.000 Terapista Respiratoria: 1.200.000 Aux. Enfermer√≠a: 1.050.000 Total: 6.050.000 Congresistas acostados en cuarentena: 34.500.000 Diferencia: 28.450.000 Hacerlo circular,0,,6
17541,@marantoniaserna,COLOMBIA,2020-04-11 01:37:10,"@IngenieroCrush Gracias, pero vos no me gustas.",0,,5407
17614,@adrii_m_,BOGOTA,2020-04-11 01:37:11,#HiloTime: Atenci√≥n a esto. ¬øChina miente sobre el COVID-19 y la fecha de inicio del virus? Distintos medios estadounidenses est√°n haciendo una grave denuncia que no deja bien parado al gigante asi√°tico e incluso a la Organizaci√≥n Mundial de la Salud. Abro hilo para contarles: https://t.co/hbxkHDEqz0,0,,844
17617,@telarfarma,VILLETA,2020-04-11 01:37:12,"Sencillo #QuedateEnCasa cuando no sea posible, manten la distancia. https://t.co/X6Jzf1JMFy",0,,503
17619,@Pacientesco,BOGOTA,2020-04-11 01:37:12,"Ella tiene que ver morir su  padre PQ LA EPS indigena PIJAOS no entrega el tratamiento del paciente, @AdresCol Feliz entregando dinero sin control, @Supersalud 000 gesti√≥n, @MinSaludCol en modo silencio @Gestarsalud que agrupa a las EPS en silencio",0,,8464
17646,@hgonzalezmlegal,BOGOTA,2020-04-11 01:37:12,@olbarandrade Aunque no abre,0,,698
17744,@berotex,MEDELLIN,2020-04-11 01:37:14,"Nadie deber√≠a alegrarse por la enfermedad de otro, por m√°s enemistad, confrontaci√≥n o discrepancias que haya. Menos en estos tiempos de pandemia en los que todos somos ‚Äúpresa f√°cil‚Äù para el Coronavirus. ¬°Recup√©rate @petrogustavo! (A.D.L.E)",0,,660
17784,@zoloyrry,BOGOTA,2020-04-11 01:37:15,"Empresas de Diferentes Pa√≠ses retiran su producci√≥n de China rechazando el virus comunista. Estoy de acuerdo, China debe ser Sancionado con medidas Dr√°sticas por su negligencia y mal manejo que le di√≥ a este Virus. https://t.co/1jwMvWROIV",0,,891
17797,@gdjorgee22,BOGOTA,2020-04-11 01:37:15,@pe_cacas @0000osd petrogustavo esto es un libreto de @GustavoBolivar ????? les pasa como el cuento del pastorcito mentiroso.......,0,,2019
17814,@TomasMunozF,BARRANQUILLA,2020-04-11 01:37:15,Por mucho Coronavirus y pandemia que all√° no voy a dejar pasar esta semana santa si probar mis ricos dulces üòçüòçü§§ü§§ en Conjunto Residencial Puerto Millo https://t.co/lFYwZNRtPs,0,"{'type': 'Point', 'coordinates': [-74.8011, 10.9176]}",123
17989,@oskar_jav,BARRANQUILLA,2020-04-11 01:37:19,"@noticiasyabq Rechazan. Que se note el rechazo. Tachenlo, rayenlo, da√±enlo",0,,262
18038,@LaFonoaudioloca,MEDELLIN,2020-04-11 01:37:20,@corisinmiedo Seguro que si jajajaja,0,,1105
18102,@MaxiazOficial,MEDELLIN,2020-04-11 01:37:21,"Ma√±ana conectados desde mi perfil en Facebook/Maxiaz Jose @maxiazoficial un ""Live"" y la importancia de la imagen para artistas y personajes p√∫blicos... Ah√≠ nos vemos !. #yomequedoencasa #StayHome https://t.co/lBhCgkkDsa",0,,2200
18136,@vdd_2,MEDELLIN,2020-04-11 01:37:22,Has que tu cuarentena sea m√°s llevadera. Inscr√≠bete al torneo de @MasterTorneo y lucha por la gloria. CUPOS LIMITADOS. Toda la informaci√≥n por DM https://t.co/Hfwi4rSt1g,0,,35
18179,@LauraP2666,MANIZALES,2020-04-11 01:37:23,Y los que se quieran re√≠r un buen rato con @JoseOrdonezJr y a la vez apoyar una excelente causa @savechcolombia aqu√≠ est√° el link #ChistesOrdo√±ez https://t.co/0wgm93Qw8n,0,,28
18249,@gustavomartinz,COLOMBIA,2020-04-11 01:37:24,Los bailarines!!!! #DragRace12 ü§§ü§§ü§§ü§§ü§§ü§§ü§§ü§§ü§§ü§§üíñ,0,,489
18250,@zpulidop,BOGOTA,2020-04-11 01:37:24,"Soy covid 19 positivo, me tom√© el examen nuevamente porque ayer cumpl√≠a mi cuarentena de 14 d√≠as desde que me tom√© mi primer examen y sigo estando positiva. 19 d√≠as despu√©s de que empec√© con los sintomas. Este virus dura m√°s de lo que se cree, cuidense mucho porfavor! üôèüèΩ",0,,291
18303,@oficialvanegas,TULUA,2020-04-11 01:37:25,Reflexi√≥n.....#COVID„Éº19 #QuedateEnCasa https://t.co/wcQZG0Q35M,0,,627
18305,@andress19425713,BOGOTA,2020-04-11 01:37:25,#HazTuParte. Lo poco de muchos es Suficiente. Hoy en campa√±a de ayuda a familias vulnerables durante la cuarentena @IglesiaMCI https://t.co/CqrPm4cRQq,0,,41
18308,@cokiegig88,MEDELLIN,2020-04-11 01:37:25,"Papua New Guinea Begitu tau wabah covid19, langsung menutup total semua akses masuk negaranya.. hampir bersamaan ketika indonesia lagi promosi pariwisata .. https://t.co/rXAVSa78C0",0,,1665
18319,@MeloEscobar,CALI,2020-04-11 01:37:25,Dia ??? de la cuarentena.... @SoyAndresParra #Netflix https://t.co/UZfNtzS74b,0,,219
18326,@Dany_Markes,BOGOTA,2020-04-11 01:37:26,#QuedateEnCasa #StayHome https://t.co/9jd1ZZecOE,0,,654
18438,@nandopg15,MANIZALES,2020-04-11 01:37:28,Confirmen si el colch√≥n de su cama ya tiene la horma del cuerpo de tanto uso en esta cuarentena?,0,,25
18587,@ferno2008,COLOMBIA,2020-04-11 01:37:31,@josetorohardy Grav√≠simo y m√°s ahora en √©poca de pandemia.,0,,1623
18655,@Diego96_Armando,PAMPLONA,2020-04-11 01:37:32,Carla Giraldo (@Carlagiraldoq) se destap√≥ y cont√≥ algunos secretos en esta cuarentena https://t.co/yExagzr7CU https://t.co/6V4BPTOH7w,0,,543
18672,@gdjorgee22,BOGOTA,2020-04-11 01:37:32,petrogustavo esto es un libreto de @GustavoBolivar ????? les pasa como el cuento del pastorcito mentiroso.......  #NoLeCreoaPetro,0,,2019
18686,@andress19425713,BOGOTA,2020-04-11 01:37:33,"Entrega de ayudas en la cuarentena, hoy nos unimos a la campa√±a #Haztuparte llevando consuelo y un mensaje de esperanza a familias de la localidad. #GraciasMCI @MCIusme @IglesiaMCI https://t.co/rLKdEm419t",0,,41
18723,@Comin0,BOGOTA,2020-04-11 01:37:34,"But you won, what you talking about.",0,,12104
18802,@carlosduartee__,SABANETA,2020-04-11 01:37:35,@lcaceresb_ Usted lo que est√° es crujiente jajajajaja,0,,38
18814,@Jpleon__12,BOGOTA,2020-04-11 01:37:36,"Le agradezco a Dios haberme graduado el a√±o pasado, no se que hubiera sido de mi genio de mierda haciendo el proyecto de grado en esta cuarentena. Hubiera dicho cosas de las que me podr√≠a arrepentir xddd",0,,166
18970,@fremont1963,JAMUNDI,2020-04-11 01:37:38,"@juli_sinfiltro Lo mejor para ud , admirada dama. https://t.co/MVhuKGsQzI",0,,317
19070,@Napoleo00594410,VILLAVICENCIO,2020-04-11 01:37:41,Bogot√° 1121 contagiados.  Requerimos respuestas y soluciones se√±ora @ClaudiaLopez  Militarizaci√≥n de localidades y ser m√°s dr√°sticos en exigir que se cumpla la cuarentena. Muchas cosas  est√° haciendo mal para que tengamos este nivel alto de contagios. https://t.co/XVJKGKacV3,0,,1167
19098,@Gabriel01931343,BOGOTA,2020-04-11 01:37:41,@Maurforl @SerbuloT @vahiaa No hay q creerles ni cuando dicen la verdad.,0,,4169
19111,@TefiAlbornoz,BOGOTA,2020-04-11 01:37:41,"Si hace un mes hubiera imaginado lo que se ven√≠a, habr√≠a dado m√°s besos, m√°s abrazos, m√°s cari√±o, probablemente con un poco de ansiedad, con temor la separaci√≥n.   Estoy a dos d√≠as de cumplir un mes en cuarentena. ¬øA qu√© hora?",0,,5509
19182,@Oskar_Diego,COLOMBIA,2020-04-11 01:37:43,"¬øC√≥mo est√° el mambo @malcolm_sv, @FunesCartagena y @AlexandraFMLN crearon una red de trolls y bots para atacar al presidente, a Gabriela y hasta la beb√© en plena pandemia?  Qu√© bajeros, qu√© asco.",0,,227
19183,@juantdec,COLOMBIA,2020-04-11 01:37:43,Gobierno revisar√° flexibilizar reglas de cuarentena para domiciliarios https://t.co/JYmFc3WCmD,0,,21
19211,@dvdsanchez10,MEDELLIN,2020-04-11 01:37:43,#Hardwork https://t.co/v2eYDVf2Mj,0,,19
19234,@Valcarmona18,MEDELLIN,2020-04-11 01:37:44,Semana Santa Normal / Semana Santa en Cuarentena. https://t.co/jqrVVJzlgn,0,,36
19250,@indioaleman,CUCUTA,2020-04-11 01:37:44,"#10abr | En el municipio C√°rdenas del #Tachira una familia fue puesta en #cuarentena tras dar positivo al test r√°pido. ""Se proh√≠be salir y recibir visitas"", dice el papel puesto en la entrada de la vivienda.#ATENCION https://t.co/vJkHROfHil",0,,188
19291,@JeffBarrero,BARRANQUILLA,2020-04-11 01:37:45,No es Solo que le den de alta a los Infectados... Es El Posible Rebrote...!!! #COVID__19  #QuedateEnCasa  @OPSOMS_Col,0,,232
19307,@LauryOrtiz1D,BOGOTA,2020-04-11 01:37:45,"Soy yo, o en cuarentena hay m√°s arrechera de lo normal? Jahsja",0,,1347
19322,@EmancipacionObr,COLOMBIA,2020-04-11 01:37:46,"El saqueo a Citgo, la intimidaci√≥n contra empresas proveedoras de PDVSA y el bloqueo naval camuflado de sanciones para obstaculizar el comercio petrolero, ha precipitado la escasez de combustible. Afecta el transporte de alimentos/medicinas en plena pandemia. Se llama genocidio.",0,,330
19325,@Madame_Kaiser,MEDELLIN,2020-04-11 01:37:46,@LuisCadir Me quieres decir que solo por ser directa pierdo el encanto? Too bad üíÄ,0,,871
19335,@The_Absurdo,MEDELLIN,2020-04-11 01:37:46,#HiloTime: Atenci√≥n a esto. ¬øChina miente sobre el COVID-19 y la fecha de inicio del virus? Distintos medios estadounidenses est√°n haciendo una grave denuncia que no deja bien parado al gigante asi√°tico e incluso a la Organizaci√≥n Mundial de la Salud. Abro hilo para contarles: https://t.co/hbxkHDEqz0,0,,563
19348,@edwinrodri85,BOGOTA,2020-04-11 01:37:46,Sacerdote y feligreses celebraron misa pese a la cuarentena en Pasto. El acto provoc√≥ sorpresa en medio del incremento de casos de coronavirus en Nari√±o. ü§îüòî https://t.co/SdKZkcj7dz https://t.co/NAakVdsxno,0,,135
19350,@indignada2016,COLOMBIA,2020-04-11 01:37:46,üòÇüòÇüòÇüòÇüòÇüòÇ,0,,16053
19522,@JairoRuiz1968,BOGOTA,2020-04-11 01:37:50,Y las 1.8 toneladas de coca que encontraron en la finca de sanclemente a quien se la venderian?,0,,99
19544,@RikhardoRk,COLOMBIA,2020-04-11 01:37:50,Prevenci√≥n de √ölceras por Presi√≥n en #Ventilaci√≥nMec√°nica No Invasiva Genial Infograf√≠a de @Creative_Nurse!!! #UPP #VMNI #COVID19 https://t.co/qTkIeM8mqg,0,,121
19559,@LINAPUBLICA,COLOMBIA,2020-04-11 01:37:51,"Tarde o temprano se debe levantar la cuarentena y es vital que desde ya tengamos claros los nuevos h√°bitos que vamos a tener. Al volver a las calles c/1  debe saber conservar distancia unos de otros, usar siempre tapabocas porque hay portadores asintom√°ticos, lavar constantemente",0,,7
19561,@jhon_jairo01,BOGOTA,2020-04-11 01:37:51,"Esto debe ser un montaje, los paisas no son as√≠.",0,,129
19586,@annerali23,POPAYAN,2020-04-11 01:37:51,Sacerdote y feligreses celebraron misa pese a la cuarentena en Pasto. El acto provoc√≥ sorpresa en medio del incremento de casos de coronavirus en Nari√±o. ü§îüòî https://t.co/SdKZkcj7dz https://t.co/NAakVdsxno,0,,161
19767,@milivillalobos,COLOMBIA,2020-04-11 01:37:55,@curramberillo @GalloMatrix üò°üò°üò°üò°üò°üò°,0,,832
19816,@paisitadeo,BOGOTA,2020-04-11 01:37:56,"@neoflash5 @marianyani100 @osanchezq Pasa en todas partes, el virus va m√°s r√°pido que las pruebas. En Ecuador, absolutamente desbordados, les toc√≥ inventar una nueva categor√≠a. Muertes por posible Covid19",0,,585
19841,@Info_Junior_,BARRANQUILLA,2020-04-11 01:37:56,Ambuaaaaaa como extra√±o ir a la guajira,0,,8398
19867,@soymapusanchez,BOGOTA,2020-04-11 01:37:57,"S√≠ en la cuarentena s√≥lo piensas en una persona, ah√≠ es.",0,,34
20044,@HagudelosHernan,RETIRO,2020-04-11 01:38:00,"üìçMa√±ana 11 de abril los esperamos en las redes de @Alcald√≠adeRionegro a las 2.00pm, para hablar sobre esta #Convocatoria que busca identificar posibles soluciones, para mitigar la emergencia del #Covid19 Ingresa a https://t.co/LXkGM7BBjT https://t.co/G23gsRRVrq",0,,47
20248,@Correa04Jorge,BUCARAMANGA,2020-04-11 01:38:04,"Si se sienten estupidos lean esto, de nada",0,,58
20268,@La_Amayaa,GUAJIRA,2020-04-11 01:38:05,"Odio la gente que no habla completo, esa con la que chateas y cuenta algo y dice ""pero sabes"" y te regresa cinco mensajes atr√°s DI-GAN TO-DO D-E U-NA VEZ!!!",0,,1179
20274,@JuanCamilo,COLOMBIA,2020-04-11 01:38:05,"Se podr√°n indignar lo que quieran, pero les aseguro que un anuncio de esos no se planea a la ligera, y entre otras cosas se elige el momento de maxima atenci√≥n medi√°tica en medio de una agenda informativa dominada por la pandemia. Lo sab√≠an desde antes y escogieron un momento.",0,,5393
20302,@KarinaAlvarezC,COLOMBIA,2020-04-11 01:38:05,"El partido comunista Chino suspendi√≥ los vuelos desde la provincia de Hubei al resto de China en enero, mientras permit√≠a vuelos salientes al resto del mundo esparciendo el virus en todos lados, la OMS fue c√≥mplice, este acto solo deber√≠a ser catalogado como acto de guerra.",0,,731
20315,@juantdec,COLOMBIA,2020-04-11 01:38:06,En im√°genes | As√≠ se vive un Viernes Santo en cuarentena https://t.co/rEccbm6jnU,0,,21
20455,@LaFonoaudioloca,MEDELLIN,2020-04-11 01:38:08,@Wilmarbarreram üòÇüòÇüòÇ,0,,1105
20466,@Neptumx,BOGOTA,2020-04-11 01:38:09,Re s√≠.,0,,2383
20536,@Jdieegocorrea,COLOMBIA,2020-04-11 01:38:10,Confirmen si esta cuarentena les sirvi√≥ para darse cuenta que no son tan importantes para algunas personas.,0,,1796
20542,@luzandremar,BOGOTA,2020-04-11 01:38:10,@ELTIEMPO Como dijo el pastor de mi iglesia... ‚Äúno respetar la cuarentena es como si No√© no se hubiera subido a la barca‚Äù.,0,,103
20605,@Andmusfan603,CALI,2020-04-11 01:38:11,@EstebanSantos10 Que extra√±o a @JuanManSantos en la presidencia de Colombia,0,,1158
20669,@hamendezc,BARRANQUILLA,2020-04-11 01:38:12,"@RTultimahora @ActualidadRT Y como puede obligar a un pa√≠s a abrir sus fronteras en plena cuarentena por la pandemia?, C√≥mo de puede garantizar la vida y la salud de los deportados?. https://t.co/MXFmn8PCjN",0,,104
20676,@gdjorgee22,BOGOTA,2020-04-11 01:38:13,@Arquiman2 petrogustavo esto es un libreto de @GustavoBolivar ????? les pasa como el cuento del pastorcito mentiroso.......,0,,2019
20808,@hpaula276,VILLA,2020-04-11 01:38:15,Amigos ustedes tambi√©n sienten que esto de la cuarentena nunca va a terminar?,0,,307
20847,@YULIANRC,BOGOTA,2020-04-11 01:38:16,Bit√°cora de la cuarentena.  D√≠a 27:  No nos quedamos pegados pero a mi novio le dio un calambre y yo estoy casi seguro de que me romp√≠ un tend√≥n.  A esta edad el sexo es peligroso en cualquier semana: santa o insanta.,0,,350
20851,@DaniiChala,MEDELLIN,2020-04-11 01:38:16,11 PM de Maluma https://t.co/UBStDFX5D6,0,,983
20948,@sapema89,BOGOTA,2020-04-11 01:38:18,Excelente !!,0,,3120
20969,@joha_morq,BOGOTA,2020-04-11 01:38:18,"La pandemia tambi√©n ha exacerbado las dimensiones de la arrogancia patriarcal. Las encarnan los tipos como Trump, Bolsonaro, Johnson, Amlo. No podemos desconectar eso de su insolencia ante el conocimiento cient√≠fico. Su espectacular arrogancia es un s√≠mbolo de lo patriarcal.",0,,64
21005,@hamendezc,BARRANQUILLA,2020-04-11 01:38:19,√öLTIMA HORA  Trump firma un decreto que permite sancionar a pa√≠ses que se nieguen o retrasen en la repatriaci√≥n de sus ciudadanos desde EE.UU. durante la pandemia https://t.co/jLg9u0HZjA https://t.co/Prf6FBSMo3,0,,104
21084,@YULIANRC,BOGOTA,2020-04-11 01:38:21,La cuarentena he hecho que me d√© mucha flojera revisar las redes sociales.,0,,350
21098,@MarthaLuzOrtega,COLOMBIA,2020-04-11 01:38:21,Eso digo yo,0,,1257
21152,@chumarte_,GUAITARILLA,2020-04-11 01:38:22,@andres_salaza @paulocesarpaz @alcaldiapasto @GERMANCHAMORRO1 El positivo fue de Bogot√° INS y el negativo express fue de Pasto. Ah√≠ es donde uno se pierde.,0,,1596
21196,@Napoleo00594410,VILLAVICENCIO,2020-04-11 01:38:23,Petro miente para no perder su curul y asumir consecuencias legales por haber salido del pa√≠s en tiempo legislativo sin permiso del congreso y violando la cuarentena.,0,,1167
21344,@daniquevedo26,BOGOTA,2020-04-11 01:38:26,@Mr_Sebastian98 üòÇ üòÇ üòÇ üòÇ üòÇ Luego te ibas a jugar f√∫tbol https://t.co/k998wVrVrN,0,,117
21391,@Olgerjacome1996,COLOMBIA,2020-04-11 01:38:27,Me puse en la tarea de seguir todas las personas de mi regi√≥n y Twitter me acaba de limitar Jajajaja que ser√°?,0,,402
21436,@yhuranny,BOGOTA,2020-04-11 01:38:28,Filosof√≠a...drama...cuarentena.  #cuarentenamood #coronavirus https://t.co/2hRaANmklS,0,,127
21508,@juliocr259,BARRANQUILLA,2020-04-11 01:38:29,Amigos ustedes tambi√©n sienten que esto de la cuarentena nunca va a terminar?,0,,245
21559,@OscarALizarazo,BOGOTA,2020-04-11 01:38:30,"Positivo: hay iniciativas de ventiladores/respiradores en varias ciudades, participan universidades, empresas etc  pero no parece haber iniciativas para producci√≥n local de reactivos y transcriptasa reversa para diagn√≥stico RT-PCR o ¬ølas hay? ¬øcu√°les son las barreras? adem√°s de $ https://t.co/iDCKHiurcU",0,,2695
21591,@edwinrodri85,BOGOTA,2020-04-11 01:38:31,"#AEstaHora | En plena cuarentena, bandas criminales  en el barrio Niquia Camacol de Bello, Antioquia. https://t.co/NnTEikRioF",0,,135
21593,@JIMENADELVASTO,BOGOTA,2020-04-11 01:38:31,#HiloTime: Atenci√≥n a esto. ¬øChina miente sobre el COVID-19 y la fecha de inicio del virus? Distintos medios estadounidenses est√°n haciendo una grave denuncia que no deja bien parado al gigante asi√°tico e incluso a la Organizaci√≥n Mundial de la Salud. Abro hilo para contarles: https://t.co/hbxkHDEqz0,0,,137
21630,@p_mateusp,BUCARAMANGA,2020-04-11 01:38:32,Oficialmente ha sido el d√≠a que m√°s he sentido calor en medio de la cuarentena #ModoHorno,0,,302
21682,@silvbruiz,BARRANQUILLA,2020-04-11 01:38:33,"Aprendizajes y experiencias durante la cuarentena del COVID-19, aporta tu granito de arena y cumple con las medidas de prevenci√≥n. Mira el lado positivo de las cosas! #QuedateEnCasa #DialogosDeMarketing @lidacabrera @Hollenberglinda @MarchensMiguel https://t.co/VB69dUjzCJ",0,,1704
21707,@rociocas99,BOGOTA,2020-04-11 01:38:34,"3er d√≠a de distribuci√≥n de alimentos. Hoy llevamos 940 canastas y packs de aguas en 8 camiones y 3 veh√≠culos propios a casas y algunas organizaciones. Seguimos apoyando, sabemos cu√°nto lo necesitan @ONUPeru  @JULIORONDINELCA @ACNURamericas  #refugiados  #QuedateEnCasa https://t.co/tNPQ2XgQZx",0,,869
21733,@GELM1980,COLOMBIA,2020-04-11 01:38:34,Cosas que llegan por WhatsApp pero que hablan sobre la realidad de la Sra. @ClaudiaLopez y sus gastos publicitarios en estos momentos de pandemia. üò¨ https://t.co/0C6iwNPqiS,0,,652
21740,@MateoBotero15,MEDELLIN,2020-04-11 01:38:34,¬°H√°game el favor! ¬øEn qu√© qued√≥ la libertad de cultos (art.19 de la Constituci√≥n)? En ningun caso puede el Estado imponer una determinada cosmovisi√≥n. Mucho menos a trav√©s de la sanci√≥n. @CConstitucional,0,,66
21765,@andresfrancomed,MEDELLIN,2020-04-11 01:38:35,"El coronavirus podr√≠a viajar hasta 4 metros de un paciente, seg√∫n estudio en Wuhan #VocesYSonidos ‚Üí https://t.co/TWneXGn8qy https://t.co/pnYSboZwzp",0,,66
21766,@pollepino,CUCUTA,2020-04-11 01:38:35,@sulistarabudo oi ne @sthanse,0,,349
21884,@AndresEslava,MEDELLIN,2020-04-11 01:38:37,"Una excelente iniciativa de visualizaci√≥n descriptiva, para los datos de Covid19 en Colombia.",0,,448
21896,@Pilotgus040,COLOMBIA,2020-04-11 01:38:37,"@LuisMaraiano @petrogustavo Eso se sabe, izquierdozos  mentirosos y enredados",0,,479
21984,@AlejaLoC,MEDELLIN,2020-04-11 01:38:39,"""Dios mio, Dios mio ¬øpor qu√© me has abandonado?""",0,,8965
22068,@YULIANRC,BOGOTA,2020-04-11 01:38:41,"Si no sales de esta cuarentena con un PDF de recetas, una torta de banano, un arroz blanco sueltico y 6 kilos de m√°s, nunca te falt√≥ tiempo, solo glotoner√≠a.",0,,350
22106,@jalvarezgelvez,BOGOTA,2020-04-11 01:38:41,D√≠a x de cuarentena: https://t.co/VYDHPlAoJ2,0,,450
22118,@djmaleta,BOGOTA,2020-04-11 01:38:42,"Antes del anuncio de @petrogustavo sobre su salud, le√≠ trinos de algunos de sus opositores que le reprochaban por haber viajado supuestamente a Paris. Ha quedado demostrado, una vez m√°s, que los odios que se exhiben en estas redes son brutales. Ni la pandemia los ha disminuido",0,,2403
22162,@MelkorArrieta,COLOMBIA,2020-04-11 01:38:43,"Antes del anuncio de @petrogustavo sobre su salud, le√≠ trinos de algunos de sus opositores que le reprochaban por haber viajado supuestamente a Paris. Ha quedado demostrado, una vez m√°s, que los odios que se exhiben en estas redes son brutales. Ni la pandemia los ha disminuido",0,,30
22194,@yuyerias,BOGOTA,2020-04-11 01:38:43,@SofiVisajes Tengo material para una temporada de exponiendo infieles versi√≥n cuarentena,0,,115
22208,@catamaterile,BOGOTA,2020-04-11 01:38:43,@DomingoPaniza @petrogustavo KYC,0,,26927
22216,@ArnobiCja,MEDELLIN,2020-04-11 01:38:44,Que admirable ser humano...,0,,1343
22285,@WAREKAY20,COLOMBIA,2020-04-11 01:38:45,Eso pasa cuando el ego manda sobre la raz√≥n y el coraz√≥n. Esperemos que los medios que andan alucinados con @ClaudiaLopez sean los veedores de estas irracionalidades. @NoticiasCaracol @NoticiasRCN @CaracolRadio,0,,4822
22505,@Anshi15_,BARRANQUILLA,2020-04-11 01:38:49,Me he creado unos men√∫s ahora en cuarentena bien delis,0,,93
22508,@Paulopineros,CALI,2020-04-11 01:38:49,"Jajajajajajaja.... Tal cu√°l, mejor descrito Imposible....",0,,131
22526,@ingeniosolucio1,BARRANQUILLA,2020-04-11 01:38:50,"@AlvaroUribeVel Para que insisten en que empleadores que no van a poder reiniciar labores despu√©s de cuarentena. Tengan seguir pagando nomina. Empleados deber√≠an reubicarse en otras empresas de diferente actividad. Me refiero Bares, Discotecas, talleres, gimnasios, clubes, tiendas,restaurantes",0,,13
22555,@Aishasios,BOGOTA,2020-04-11 01:38:50,"En d√≠as de pandemia;  Daniel Quintero contratos a dedo y despidiendo gente, Carlos Caicedo en corrupci√≥n con mercados, Claudia L√≥pez en vanidades de imagen...  La moral y el respeto se ganan, ellos en campa√±as as√≠ pierdan las dos cosas.",0,,1497
22669,@ArlexBueno,PEREIRA,2020-04-11 01:38:53,"Este Domingo @CanalRCN presentar√° el documental de @DiscoveryLA ""#COVID„Éº19 Pandemia 2020"" a las 10:00pm ¬°Recomendado! https://t.co/UoQZFMOu3E",0,,74
22682,@luftwavedxkli,BUCARAMANGA,2020-04-11 01:38:53,"üö´Actualizaci√≥n caso #Lucasüö´ Les quiero compartir la recuperaci√≥n de #Lucas se est√° recuperando r√°pidamente pero hoy tuvo q ser ingresado a cirug√≠a pues requer√≠a corregir las heridas sobretodo las de su oido, cabeza y brazo. Abro hilo... https://t.co/aVjBJrUC5A",0,,2144
